,SampleID,Chr01x343067xAxC,Chr01x148789xAxG,Chr01x261798xGxA,Chr01x352865xAxG,Chr01x402777xAxC,Chr01x338309xGxA,Chr01x199427xAxC,Chr01x99432xGxA,Chr01x409777xTxG,Chr01x22450xTxC,Chr01x364828xCxT,Chr01x78028xGxT,Chr01x429203xAxG,Chr01x133395xCxT,Chr01x114567xTxA,Chr01x47142xAxC,Chr01x129146xGxA,Chr01x289038xAxT,Chr01x62161xGxT,Chr01x92496xGxA,Chr01x22534xCxT,Chr01x86710xGxC,Chr01x30268xAxT,Chr01x289192xAxG,Chr01x369996xAxC,Chr01x98592xCxG,Chr01x281492xAxG,Chr01x21418xGxT,Chr01x262475xGxA,Chr01x372138xAxG,Chr01x338169xTxC,Chr01x316939xAxG,Chr01x98590xAxG,Chr01x257721xAxG,Chr01x99554xTxC,Chr01x487835xAxG,Chr01x50136xAxT,Chr01x226240xGxA,Chr01x372276xCxT,Chr01x259601xCxA,Chr01x138347xCxT,Chr01x214574xGxA,Chr01x281484xTxG,Chr01x146412xTxC,Chr01x70241xGxA,Chr01x14671xAxG,Chr01x19781xAxG,Chr01x119295xAxG,Chr01x21805xCxT,Chr01x74906xAxC,Chr01x219501xAxT,Chr01x339288xTxA,Chr01x90231xGxA,Chr01x28146xCxT,Chr01x400085xTxC,Chr01x179829xTxC,Chr01x199162xAxG,Chr01x108670xGxC,Chr01x99972xGxA,Chr01x372298xAxC,Location,bioclim1,bioclim10,bioclim11,bioclim12,bioclim13,bioclim14,bioclim15,bioclim16,bioclim17,bioclim18,bioclim19,bioclim2,bioclim3,bioclim4,bioclim5,bioclim6,bioclim7,bioclim8,bioclim9,tavgannual,windannual,solarannual,precannual,vaporannual
0,WM10,0,0,0,0,0,0,0,0,0,0,0,0,0,0,0,0,0,0,0,0,0,0,0,0,0,0,0,0,0,0,0,0,0,0,0,0,0,0,0,0,0,0,0,0,0,0,0,0,0,0,0,0,0,0,0,0,0,0,0,0,UnitedStates,14,25,3,1041,103,69,12,290,228,282,228,12,33,884,32,-3,36,23,3,14,4,13974,87,2
1,WM100,3,2,2,2,2,2,2,2,2,2,2,2,2,2,2,2,2,2,2,2,2,2,2,2,2,2,2,2,2,2,2,2,2,2,2,2,2,2,2,2,2,2,2,2,2,2,2,2,2,2,2,2,2,2,2,2,2,2,2,2,Iran,17,29,5,246,43,2,70,114,7,10,106,10,28,957,36,0,37,6,28,17,3,16810,21,1
2,WM101,2,2,2,2,2,2,2,2,2,2,2,2,2,2,2,2,2,2,2,2,2,2,2,2,2,2,2,2,2,2,2,2,2,2,2,2,2,2,2,2,2,2,2,2,2,2,2,2,2,2,2,2,2,2,2,2,2,2,2,2,Morocco,18,22,14,489,108,0,85,254,5,8,247,9,46,354,27,8,19,14,22,18,4,17858,41,2
3,WM102,2,2,2,2,2,2,2,2,2,2,2,2,2,2,2,2,2,2,2,2,2,2,2,2,2,2,2,2,2,2,2,2,2,2,2,2,2,2,2,2,2,2,2,2,2,2,2,2,2,2,2,2,2,2,2,2,2,2,2,2,Egypt,22,28,15,25,6,0,72,16,0,0,16,13,48,551,35,9,27,15,28,22,3,20007,3,2
4,WM103,2,2,2,2,2,2,2,2,2,2,2,2,2,2,2,2,2,2,2,2,2,2,2,2,2,2,2,2,2,2,2,2,2,2,2,2,2,2,2,2,2,2,2,2,2,2,2,2,2,2,2,2,2,2,2,2,2,2,2,2,Namibia,20,24,15,343,87,0,113,241,2,137,2,16,60,367,32,6,27,23,15,20,3,21762,29,1
5,WM104,2,2,2,2,2,2,2,2,2,2,2,2,2,2,2,2,2,2,2,2,2,2,2,2,2,2,2,2,2,2,2,2,2,2,2,2,2,2,2,2,2,2,2,2,2,2,2,2,2,2,2,2,2,2,2,2,2,2,2,2,Namibia,20,24,15,343,87,0,113,241,2,137,2,16,60,367,32,6,27,23,15,20,3,21762,29,1
6,WM105,0,0,0,0,0,0,0,0,0,0,0,0,0,0,0,0,0,0,0,0,0,0,0,0,0,0,0,0,0,0,0,0,0,0,0,0,0,0,0,0,0,0,0,0,0,0,0,0,0,0,0,0,0,0,0,0,0,0,0,0,China,13,26,-1,578,206,4,137,440,14,440,14,12,29,1108,32,-8,41,26,-1,13,3,14634,49,2
7,WM108,2,2,2,1,2,2,2,2,2,2,2,2,2,2,2,2,2,2,2,2,2,2,2,2,2,2,2,2,2,2,2,2,2,2,2,2,2,2,2,2,2,2,2,2,2,2,2,2,2,3,2,2,2,2,3,2,2,2,2,2,India,26,33,16,724,236,5,135,568,32,270,40,13,40,687,40,8,33,31,17,26,2,18776,61,2
8,WM11,2,2,2,2,2,2,2,2,2,2,2,2,2,2,2,2,2,2,2,2,2,2,2,2,2,2,2,2,2,2,2,2,2,2,2,2,2,2,2,2,2,2,2,2,2,2,2,2,2,2,2,2,2,2,2,2,2,2,2,2,SouthAfrica,19,23,13,688,129,3,81,348,15,335,15,15,57,400,29,4,25,22,13,19,3,19933,58,2
9,WM110,2,2,2,2,2,2,2,2,2,2,2,2,2,2,3,2,2,2,2,3,2,2,2,2,2,3,2,1,3,2,2,2,3,2,2,2,2,3,3,2,2,2,2,2,3,2,3,2,2,2,2,2,2,2,2,2,2,2,2,3,SouthAfrica,19,23,13,688,129,3,81,348,15,335,15,15,57,400,29,4,25,22,13,19,3,19933,58,2
10,WM111,2,2,2,3,2,2,2,2,2,2,2,2,2,2,2,2,2,2,2,2,2,3,3,2,2,2,2,2,3,3,2,2,2,2,2,2,3,2,3,2,2,2,2,2,2,3,2,3,3,2,3,2,2,2,2,2,2,2,3,3,Zimbabwe,19,22,15,854,201,2,108,555,6,313,6,13,60,283,28,7,22,21,15,19,3,19877,72,2
11,WM112,2,2,2,2,2,2,2,2,2,2,2,2,2,2,2,2,2,2,2,2,2,2,2,2,2,2,2,2,2,2,2,2,2,2,2,2,2,2,3,2,2,2,2,2,2,2,2,2,0,2,2,3,2,2,2,2,3,2,2,3,Zaire,26,27,23,1424,261,2,73,580,15,523,15,10,68,133,32,18,14,26,23,26,2,13371,119,3
12,WM113,3,2,2,3,2,3,3,2,3,2,3,2,3,2,3,2,3,2,2,3,2,2,2,2,2,2,2,3,2,2,2,2,2,2,3,2,3,2,3,3,2,2,2,2,3,2,2,2,2,3,2,2,3,3,3,3,2,2,2,2,Namibia,20,24,15,343,87,0,113,241,2,137,2,16,60,367,32,6,27,23,15,20,3,21762,29,1
13,WM114,3,2,2,2,2,2,3,2,2,3,3,3,2,2,2,2,2,2,2,3,2,2,3,2,3,3,2,2,2,2,2,2,3,2,2,3,3,2,2,2,2,2,2,3,2,2,2,2,2,2,2,2,3,2,3,2,2,2,2,2,SouthAfrica,19,23,13,688,129,3,81,348,15,335,15,15,57,400,29,4,25,22,13,19,3,19933,58,2
14,WM115,2,2,2,2,2,2,2,2,2,2,2,2,2,2,2,2,2,2,2,2,2,2,2,2,2,2,2,2,2,2,2,2,2,2,2,2,2,2,2,2,2,2,2,2,2,2,2,2,2,2,2,2,2,2,2,2,2,2,2,2,Zimbabwe,19,22,15,854,201,2,108,555,6,313,6,13,60,283,28,7,22,21,15,19,3,19877,72,2
15,WM116,2,2,2,2,2,2,2,2,2,2,2,2,2,2,2,2,2,2,2,2,2,2,2,2,2,2,2,2,2,2,2,2,2,2,2,2,2,2,2,2,2,2,2,2,2,2,2,2,2,2,2,2,2,2,2,2,2,2,2,2,Botswana,22,26,15,475,91,1,84,240,8,240,8,16,56,475,33,5,29,26,15,22,3,20728,40,2
16,WM117,2,2,2,2,2,2,2,2,2,2,2,2,2,2,2,2,2,2,2,2,2,2,2,2,2,2,2,2,2,2,2,2,2,2,2,2,2,2,2,2,2,2,2,2,2,2,2,2,2,2,2,2,2,2,2,2,2,2,2,2,SouthAfrica,19,23,13,688,129,3,81,348,15,335,15,15,57,400,29,4,25,22,13,19,3,19933,58,2
17,WM118,2,2,2,2,2,2,2,2,2,2,2,2,2,2,2,2,2,2,2,2,2,2,2,2,2,2,2,2,2,2,2,2,2,2,2,2,2,2,2,2,2,2,2,2,2,2,2,2,2,2,2,2,2,2,2,2,2,2,2,2,Namibia,20,24,15,343,87,0,113,241,2,137,2,16,60,367,32,6,27,23,15,20,3,21762,29,1
18,WM119,2,2,2,2,2,2,2,2,2,2,2,2,2,2,2,2,2,2,2,2,2,2,2,2,2,2,2,2,2,2,2,2,2,2,2,2,2,2,2,2,2,2,2,2,2,2,2,2,2,2,2,2,2,2,2,2,2,2,2,2,Zambia,21,24,17,823,211,0,118,575,0,110,5,14,58,270,32,9,24,22,17,21,4,18124,69,2
19,WM12,0,0,0,0,0,0,0,0,0,0,0,0,0,0,0,0,0,0,0,0,0,0,0,0,0,0,0,0,0,0,0,0,0,0,0,0,0,0,0,0,0,0,0,0,0,0,0,0,0,0,0,0,0,0,0,0,0,0,0,0,Nigeria,27,30,26,1349,275,1,94,766,10,113,766,11,61,169,36,19,18,26,27,27,2,16242,113,3
20,WM120,2,2,2,2,2,2,2,2,2,2,2,2,2,2,2,2,2,2,2,2,2,2,2,2,2,2,2,2,2,2,2,2,2,2,2,2,2,2,2,2,2,2,2,2,2,2,2,2,2,2,2,2,2,2,2,2,2,2,2,2,Zambia,21,24,17,823,211,0,118,575,0,110,5,14,58,270,32,9,24,22,17,21,4,18124,69,2
21,WM121,2,2,2,2,2,2,2,2,2,2,2,2,2,2,2,2,2,2,2,2,2,2,2,2,2,2,2,2,2,2,2,2,2,2,2,2,2,2,2,2,2,2,2,2,2,2,2,2,2,2,2,2,2,2,2,2,2,2,2,2,Spain,15,24,7,416,53,11,41,151,50,50,124,11,37,678,32,2,30,11,24,15,3,15851,35,1
22,WM122,2,2,2,2,2,2,2,2,2,2,2,2,2,2,2,2,2,2,2,2,2,2,2,2,2,2,2,2,2,2,2,2,2,2,2,2,2,2,2,2,2,2,2,2,2,2,2,2,2,2,2,2,2,2,2,2,2,2,2,2,Swaziland,17,20,14,1263,220,14,73,609,60,609,60,12,62,265,25,6,20,20,14,17,3,18633,106,2
23,WM123,2,2,2,2,2,2,2,3,2,2,2,2,2,2,2,2,2,2,2,2,2,2,2,2,2,2,2,2,2,2,2,2,2,2,2,2,2,2,2,2,2,2,2,2,2,2,2,2,1,2,2,2,3,2,2,2,2,2,2,2,Swaziland,17,20,14,1263,220,14,73,609,60,609,60,12,62,265,25,6,20,20,14,17,3,18633,106,2
24,WM125,2,2,2,2,2,2,2,2,2,2,2,2,2,2,2,2,2,2,2,2,2,2,2,2,2,2,2,2,2,2,2,2,2,2,2,2,2,2,2,2,2,2,2,2,2,2,2,2,2,2,2,2,2,2,2,2,2,2,2,2,Zaire,26,27,23,1424,261,2,73,580,15,523,15,10,68,133,32,18,14,26,23,26,2,13371,119,3
25,WM126,2,2,2,2,2,2,2,2,2,2,2,2,2,2,2,2,2,2,2,2,2,2,2,2,2,2,2,2,2,2,2,2,2,2,2,2,2,2,2,2,2,2,2,2,2,2,2,2,2,2,2,2,2,2,2,2,2,2,2,2,Afghanistan,13,25,1,331,76,3,95,204,15,15,126,14,35,972,33,-7,41,8,25,13,3,17968,28,1
26,WM127,3,1,1,1,1,1,1,1,1,1,1,1,1,1,1,1,1,1,1,1,1,1,1,1,1,1,1,1,1,1,1,1,1,1,1,1,1,1,1,1,1,1,1,1,1,1,1,1,1,1,1,1,1,1,1,1,1,1,1,1,Iran,17,29,5,246,43,2,70,114,7,10,106,10,28,957,36,0,37,6,28,17,3,16810,21,1
27,WM128,2,2,2,2,2,2,2,2,2,2,2,2,2,2,2,2,2,2,2,2,2,2,2,2,2,2,2,2,2,2,2,2,2,2,2,2,2,2,2,2,2,2,2,2,2,2,2,2,2,2,2,2,2,2,2,2,2,2,2,2,Pakistan,21,30,12,1012,259,14,92,577,71,544,165,13,39,743,38,4,35,28,17,21,2,16919,85,2
28,WM129,0,0,0,0,0,0,0,0,0,0,0,0,0,0,0,0,0,0,0,0,0,0,0,0,0,0,0,0,0,0,0,0,0,0,0,0,0,0,0,0,0,0,0,0,0,0,0,0,0,0,0,0,0,0,0,0,0,0,0,0,Nigeria,27,30,26,1349,275,1,94,766,10,113,766,11,61,169,36,19,18,26,27,27,2,16242,113,3
29,WM13,3,2,2,2,2,2,2,2,2,2,2,2,2,2,2,2,2,2,2,2,2,2,2,2,2,2,2,2,2,2,2,2,2,2,2,2,2,2,2,2,2,2,2,2,2,2,2,2,2,2,2,2,2,2,2,2,2,2,2,2,Iran,17,29,5,246,43,2,70,114,7,10,106,10,28,957,36,0,37,6,28,17,3,16810,21,1
30,WM130,0,0,0,0,0,0,0,0,0,0,0,0,0,0,0,0,0,0,0,0,0,0,0,0,0,0,0,0,0,0,0,0,0,0,0,0,0,0,0,0,0,0,0,0,0,0,0,0,0,0,0,0,0,0,0,0,0,0,0,0,Nigeria,27,30,26,1349,275,1,94,766,10,113,766,11,61,169,36,19,18,26,27,27,2,16242,113,3
31,WM132,0,0,0,0,0,0,0,0,0,0,0,0,0,0,0,0,0,0,0,0,0,0,0,0,0,0,0,0,0,0,0,0,0,0,0,0,0,0,0,0,0,0,0,0,0,0,0,0,0,0,0,0,0,0,0,0,0,0,0,0,Ghana,28,29,26,918,190,13,69,451,70,209,170,9,74,117,34,23,12,28,28,28,3,15723,77,3
32,WM133,0,0,0,0,0,0,0,0,0,0,0,0,0,0,0,0,0,0,0,0,0,0,0,0,0,0,0,0,0,0,0,0,0,0,0,0,0,0,0,0,0,0,0,0,0,0,0,0,0,0,0,0,0,0,0,0,0,0,0,0,Ghana,28,29,26,918,190,13,69,451,70,209,170,9,74,117,34,23,12,28,28,28,3,15723,77,3
33,WM135,0,0,0,0,0,0,0,0,0,0,0,0,0,0,0,0,0,0,0,0,0,0,0,0,0,0,0,0,0,0,0,0,0,0,0,0,0,0,0,0,0,0,0,0,0,0,0,0,0,0,0,0,0,0,0,0,0,0,0,0,India,26,33,16,724,236,5,135,568,32,270,40,13,40,687,40,8,33,31,17,26,2,18776,61,2
34,WM136,0,0,0,0,0,0,0,0,0,0,0,0,0,0,0,0,0,0,0,0,0,0,0,0,0,0,0,0,0,0,0,0,0,0,0,0,0,0,0,0,0,0,0,0,0,0,0,0,0,0,0,0,0,0,0,0,0,0,0,0,Nigeria,27,30,26,1349,275,1,94,766,10,113,766,11,61,169,36,19,18,26,27,27,2,16242,113,3
35,WM137,0,0,0,0,0,0,0,0,0,0,0,0,0,0,0,0,0,0,0,0,0,0,0,0,0,0,0,0,0,0,0,0,0,0,0,0,0,0,0,0,0,0,0,0,0,0,0,0,0,0,0,0,0,0,0,0,0,0,0,0,Liberia,27,28,25,4473,857,41,83,2198,192,619,2048,10,78,93,33,21,13,26,27,27,3,15473,373,3
36,WM139,0,0,0,0,0,0,0,0,0,0,0,0,0,0,0,0,0,0,0,0,0,0,0,0,0,0,0,0,0,0,0,0,0,0,0,0,0,0,0,0,0,0,0,0,0,0,0,0,0,0,0,0,0,0,0,0,0,0,0,0,Nigeria,27,30,26,1349,275,1,94,766,10,113,766,11,61,169,36,19,18,26,27,27,2,16242,113,3
37,WM14,0,0,0,0,0,0,0,0,0,0,0,0,0,0,0,0,0,0,0,0,0,0,0,0,0,0,0,0,0,0,0,0,0,0,0,0,0,0,0,0,0,0,0,0,0,0,0,0,3,0,0,0,0,0,0,0,0,0,0,0,Zimbabwe,19,22,15,854,201,2,108,555,6,313,6,13,60,283,28,7,22,21,15,19,3,19877,72,2
38,WM140,0,0,0,0,0,0,0,0,0,0,0,0,0,0,0,0,0,0,0,0,0,0,0,0,0,0,0,0,0,0,0,0,0,0,0,0,0,0,0,0,0,0,0,0,0,0,0,0,0,0,0,0,0,0,0,0,0,0,0,0,Mali,28,32,26,889,265,0,124,639,2,72,4,15,60,244,40,16,25,27,26,28,3,20047,75,2
39,WM141,0,0,0,0,0,0,0,0,0,0,0,0,0,0,0,0,0,0,0,0,0,0,0,0,0,0,0,0,0,0,0,0,0,0,0,0,0,0,0,0,0,0,0,0,0,0,0,0,0,0,0,0,0,0,0,0,0,0,0,0,Mali,28,32,26,889,265,0,124,639,2,72,4,15,60,244,40,16,25,27,26,28,3,20047,75,2
40,WM142,0,0,0,0,0,0,0,0,0,0,0,0,0,0,0,0,0,0,0,0,0,0,0,0,0,0,0,0,0,0,0,0,0,0,0,0,0,0,0,0,0,0,0,0,0,0,0,0,0,0,0,0,0,0,0,0,0,0,0,0,Zaire,26,27,23,1424,261,2,73,580,15,523,15,10,68,133,32,18,14,26,23,26,2,13371,119,3
41,WM143,0,0,0,0,0,0,0,0,0,0,0,0,0,0,0,0,0,0,0,0,0,0,0,0,0,0,0,0,0,0,0,0,0,0,0,0,0,0,0,0,0,0,0,0,0,0,0,0,0,0,0,0,0,0,0,0,0,0,0,0,Zaire,26,27,23,1424,261,2,73,580,15,523,15,10,68,133,32,18,14,26,23,26,2,13371,119,3
42,WM144,2,2,2,2,2,2,2,1,2,2,2,2,2,2,2,2,2,2,2,2,2,2,2,2,2,2,2,2,2,2,2,2,2,2,2,2,2,2,2,2,2,2,2,2,2,2,2,2,2,2,2,2,2,2,2,2,2,2,2,2,Zaire,26,27,23,1424,261,2,73,580,15,523,15,10,68,133,32,18,14,26,23,26,2,13371,119,3
43,WM145,0,0,0,0,0,0,0,0,0,0,0,0,0,0,0,0,0,0,0,0,0,0,0,0,0,0,0,0,0,0,0,0,0,0,0,0,0,0,0,0,0,0,0,0,0,0,0,0,0,0,0,0,0,0,0,0,0,0,0,0,Nigeria,27,30,26,1349,275,1,94,766,10,113,766,11,61,169,36,19,18,26,27,27,2,16242,113,3
44,WM146,0,0,0,0,0,0,0,0,0,0,0,0,0,0,0,0,0,0,0,0,0,0,0,0,0,0,0,0,0,0,0,0,0,0,0,0,0,0,0,0,0,0,0,0,0,0,0,0,0,0,0,0,0,0,0,0,0,0,0,0,Nigeria,27,30,26,1349,275,1,94,766,10,113,766,11,61,169,36,19,18,26,27,27,2,16242,113,3
45,WM147,0,0,0,0,0,0,0,0,0,0,0,0,0,0,0,0,0,0,0,0,0,0,0,0,0,0,0,0,0,0,0,0,0,0,0,0,0,0,0,0,0,0,0,0,0,0,0,0,0,0,0,0,0,0,0,0,0,0,0,0,China,13,26,-1,578,206,4,137,440,14,440,14,12,29,1108,32,-8,41,26,-1,13,3,14634,49,2
46,WM148,0,0,0,0,0,0,0,0,0,0,0,0,0,0,0,0,0,0,0,0,0,0,0,0,0,0,0,0,0,0,0,0,0,0,0,0,0,0,0,0,0,0,0,0,0,0,0,0,0,0,0,0,0,0,0,0,0,0,0,0,China,13,26,-1,578,206,4,137,440,14,440,14,12,29,1108,32,-8,41,26,-1,13,3,14634,49,2
47,WM149,0,0,0,0,0,0,0,0,0,0,0,0,0,0,0,0,0,0,0,0,0,0,0,0,0,0,0,0,0,0,0,0,0,0,0,0,0,0,0,0,0,0,0,0,0,0,0,0,0,0,0,0,0,0,0,0,0,0,0,0,China,13,26,-1,578,206,4,137,440,14,440,14,12,29,1108,32,-8,41,26,-1,13,3,14634,49,2
48,WM15,2,2,2,2,2,2,2,2,2,2,2,2,2,2,2,2,2,2,2,2,2,2,2,2,2,2,2,2,2,3,2,2,2,2,2,2,2,2,3,2,2,2,2,2,2,2,2,2,2,2,2,2,2,2,2,2,2,1,2,3,Zimbabwe,19,22,15,854,201,2,108,555,6,313,6,13,60,283,28,7,22,21,15,19,3,19877,72,2
49,WM150,0,0,0,0,0,0,0,0,0,0,0,0,0,0,0,0,0,0,0,0,0,0,0,0,0,0,0,0,0,0,0,0,0,0,0,0,0,0,0,0,0,0,0,0,0,0,0,0,0,0,0,0,0,0,0,0,0,0,0,0,China,13,26,-1,578,206,4,137,440,14,440,14,12,29,1108,32,-8,41,26,-1,13,3,14634,49,2
50,WM151,0,0,0,0,0,0,0,0,0,0,0,0,0,0,0,0,0,0,0,0,0,0,0,0,0,0,0,0,0,0,0,0,0,0,0,0,0,0,0,0,0,0,0,0,0,0,0,0,0,0,0,0,0,0,0,0,0,0,0,0,China,13,26,-1,578,206,4,137,440,14,440,14,12,29,1108,32,-8,41,26,-1,13,3,14634,49,2
51,WM152,0,0,0,0,0,0,0,0,0,0,0,0,0,0,0,0,0,0,0,0,0,0,0,0,0,0,0,0,0,0,0,0,0,0,0,0,0,0,0,0,0,0,0,0,0,0,0,0,0,0,0,0,0,0,0,0,0,0,0,0,China,13,26,-1,578,206,4,137,440,14,440,14,12,29,1108,32,-8,41,26,-1,13,3,14634,49,2
52,WM153,0,0,0,0,0,0,0,0,0,0,0,0,0,0,0,0,0,0,0,0,0,0,0,0,0,0,0,0,0,0,0,0,0,0,0,0,0,0,0,0,0,0,0,0,0,0,0,0,0,0,0,0,0,0,0,0,0,0,0,0,China,13,26,-1,578,206,4,137,440,14,440,14,12,29,1108,32,-8,41,26,-1,13,3,14634,49,2
53,WM154,0,0,0,0,0,0,0,0,0,0,0,0,0,0,0,0,0,0,0,0,0,0,0,0,0,0,0,0,0,0,0,0,0,0,0,0,0,0,0,0,0,0,0,0,0,0,0,0,0,0,0,0,0,0,0,0,0,0,0,0,China,13,26,-1,578,206,4,137,440,14,440,14,12,29,1108,32,-8,41,26,-1,13,3,14634,49,2
54,WM155,0,0,0,0,0,0,0,0,0,0,0,0,0,0,0,0,0,0,0,0,0,0,0,0,0,0,0,0,0,0,0,0,0,0,0,0,0,0,0,0,0,0,0,0,0,0,0,0,0,0,0,0,0,0,0,0,0,0,0,0,China,13,26,-1,578,206,4,137,440,14,440,14,12,29,1108,32,-8,41,26,-1,13,3,14634,49,2
55,WM156,0,0,0,0,0,0,0,0,0,0,0,0,0,0,0,0,0,0,0,0,0,0,0,0,0,0,0,0,0,0,0,0,0,0,0,0,0,0,0,0,0,0,0,0,0,0,0,0,0,0,0,0,0,0,0,0,0,0,0,0,China,13,26,-1,578,206,4,137,440,14,440,14,12,29,1108,32,-8,41,26,-1,13,3,14634,49,2
56,WM157,0,0,0,0,0,0,0,0,0,0,0,0,0,0,0,0,0,0,0,0,0,0,0,0,0,0,0,0,0,0,0,0,0,0,0,0,0,0,0,0,0,0,0,0,0,0,0,0,0,0,0,0,0,0,0,0,0,0,0,0,China,13,26,-1,578,206,4,137,440,14,440,14,12,29,1108,32,-8,41,26,-1,13,3,14634,49,2
57,WM158,0,0,0,0,0,0,0,0,0,0,0,0,0,0,0,0,0,0,0,0,0,0,0,0,0,0,0,0,0,0,0,0,0,0,0,0,0,0,0,0,0,0,0,0,0,0,0,0,0,0,0,0,0,0,0,0,0,0,0,0,China,13,26,-1,578,206,4,137,440,14,440,14,12,29,1108,32,-8,41,26,-1,13,3,14634,49,2
58,WM159,0,0,0,0,0,0,0,0,0,0,0,0,0,0,0,0,0,0,0,0,0,0,0,0,0,0,0,0,0,0,0,0,0,0,0,0,0,0,0,0,0,0,0,0,0,0,0,0,0,0,0,0,0,0,0,0,0,0,0,0,China,13,26,-1,578,206,4,137,440,14,440,14,12,29,1108,32,-8,41,26,-1,13,3,14634,49,2
59,WM16,2,2,2,2,2,2,2,2,2,2,2,2,2,2,2,2,2,2,2,2,2,2,2,2,2,2,2,2,2,2,2,2,2,2,2,2,2,2,2,2,2,2,2,2,2,2,2,2,2,2,2,2,2,2,2,2,2,2,2,2,Zimbabwe,19,22,15,854,201,2,108,555,6,313,6,13,60,283,28,7,22,21,15,19,3,19877,72,2
60,WM160,0,0,0,0,0,0,0,0,0,0,0,0,0,0,0,0,0,0,0,0,0,0,0,0,0,0,0,0,0,0,0,0,0,0,0,0,0,0,0,0,0,0,0,0,0,0,0,0,0,0,0,0,0,0,0,0,0,0,0,0,China,13,26,-1,578,206,4,137,440,14,440,14,12,29,1108,32,-8,41,26,-1,13,3,14634,49,2
61,WM162,0,0,0,0,0,0,0,0,0,0,0,0,0,0,0,0,0,0,0,0,0,0,0,0,0,0,0,0,0,0,0,0,0,0,0,0,0,0,0,0,0,0,0,0,0,0,0,0,0,0,0,0,0,0,0,0,0,0,0,0,China,13,26,-1,578,206,4,137,440,14,440,14,12,29,1108,32,-8,41,26,-1,13,3,14634,49,2
62,WM163,0,0,0,0,0,0,0,0,0,0,0,0,0,0,0,0,0,0,0,0,0,0,0,0,0,0,0,0,0,0,0,0,0,0,0,0,0,0,0,0,0,0,0,0,0,0,0,0,0,0,0,0,0,0,0,0,0,0,0,0,China,13,26,-1,578,206,4,137,440,14,440,14,12,29,1108,32,-8,41,26,-1,13,3,14634,49,2
63,WM164,0,0,0,0,0,0,0,0,0,0,0,0,0,0,0,0,0,0,0,0,0,0,0,0,0,0,0,0,0,0,0,0,0,0,0,0,0,0,0,0,0,0,0,0,0,0,0,0,0,0,0,0,0,0,0,0,0,0,0,0,China,13,26,-1,578,206,4,137,440,14,440,14,12,29,1108,32,-8,41,26,-1,13,3,14634,49,2
64,WM165,0,0,0,0,0,0,0,0,0,0,0,0,0,0,0,0,0,0,0,0,0,0,0,0,0,0,0,0,0,0,0,0,0,0,0,0,0,0,0,0,0,0,0,0,0,0,0,0,0,0,0,0,0,0,0,0,0,0,0,0,China,13,26,-1,578,206,4,137,440,14,440,14,12,29,1108,32,-8,41,26,-1,13,3,14634,49,2
65,WM166,0,0,0,0,0,0,0,0,0,0,0,0,0,0,0,0,0,0,0,0,0,0,0,0,0,0,0,0,0,0,0,0,0,0,0,0,0,0,0,0,0,0,0,0,0,0,0,0,0,0,0,0,0,0,0,0,0,0,0,0,China,13,26,-1,578,206,4,137,440,14,440,14,12,29,1108,32,-8,41,26,-1,13,3,14634,49,2
66,WM167,0,0,0,0,0,0,0,0,0,0,0,0,0,0,0,0,0,0,0,0,0,0,0,0,0,0,0,0,0,0,0,0,0,0,0,0,0,0,0,0,0,0,0,0,0,0,0,0,0,0,0,0,0,0,0,0,0,0,0,0,China,13,26,-1,578,206,4,137,440,14,440,14,12,29,1108,32,-8,41,26,-1,13,3,14634,49,2
67,WM168,0,0,0,0,0,0,0,0,0,0,0,0,0,0,0,0,0,0,0,0,0,0,0,0,0,0,0,0,0,0,0,0,0,0,0,0,0,0,0,0,0,0,0,0,0,0,0,0,0,0,0,0,0,0,0,0,0,0,0,0,China,13,26,-1,578,206,4,137,440,14,440,14,12,29,1108,32,-8,41,26,-1,13,3,14634,49,2
68,WM169,0,0,0,0,0,0,0,0,0,0,0,0,0,0,0,0,0,0,0,0,0,0,0,0,0,0,0,0,0,0,0,0,0,0,0,0,0,0,0,0,0,0,0,0,0,0,0,0,0,0,0,0,0,0,0,0,0,0,0,0,China,13,26,-1,578,206,4,137,440,14,440,14,12,29,1108,32,-8,41,26,-1,13,3,14634,49,2
69,WM17,0,0,0,0,0,0,0,0,0,0,0,0,0,0,0,0,0,0,0,0,0,0,0,0,0,0,0,0,0,0,0,0,0,0,0,0,0,0,0,0,0,0,0,0,0,0,0,0,0,0,0,0,0,0,0,0,0,0,0,0,UnitedStates,14,25,3,1041,103,69,12,290,228,282,228,12,33,884,32,-3,36,23,3,14,4,13974,87,2
70,WM171,0,0,0,0,0,0,0,0,0,0,0,0,0,0,0,0,0,0,0,0,0,0,0,0,0,0,0,0,0,0,0,0,0,0,0,0,0,0,0,0,0,0,0,0,0,0,0,0,0,0,0,0,0,0,0,0,0,0,0,0,China,13,26,-1,578,206,4,137,440,14,440,14,12,29,1108,32,-8,41,26,-1,13,3,14634,49,2
71,WM172,0,0,0,0,0,0,0,0,0,0,0,0,0,0,0,0,0,0,0,0,0,0,0,0,0,0,0,0,0,0,0,0,0,0,0,0,0,0,0,0,0,0,0,0,0,0,0,0,0,0,0,0,0,0,0,0,0,0,0,0,China,13,26,-1,578,206,4,137,440,14,440,14,12,29,1108,32,-8,41,26,-1,13,3,14634,49,2
72,WM173,0,0,0,0,0,0,0,0,0,0,0,0,0,0,0,0,0,0,0,0,0,0,0,0,0,0,0,0,0,0,0,0,0,0,0,0,0,0,0,0,0,0,0,0,0,0,0,0,0,0,0,0,0,0,0,0,0,0,0,0,China,13,26,-1,578,206,4,137,440,14,440,14,12,29,1108,32,-8,41,26,-1,13,3,14634,49,2
73,WM174,0,0,0,0,0,0,0,0,0,0,0,0,0,0,0,0,0,0,0,0,0,0,0,0,0,0,0,0,0,0,0,0,0,0,0,0,0,0,0,0,0,0,0,0,0,0,0,0,0,0,0,0,0,0,0,0,0,0,0,0,China,13,26,-1,578,206,4,137,440,14,440,14,12,29,1108,32,-8,41,26,-1,13,3,14634,49,2
74,WM175,0,0,0,0,0,0,0,0,0,0,0,0,0,0,0,0,0,0,0,0,0,0,0,0,0,0,0,0,0,0,0,0,0,0,0,0,0,0,0,0,0,0,0,0,0,0,0,0,0,0,0,0,0,0,0,0,0,0,0,0,China,13,26,-1,578,206,4,137,440,14,440,14,12,29,1108,32,-8,41,26,-1,13,3,14634,49,2
75,WM176,0,0,0,0,0,0,0,0,0,0,0,0,0,0,0,0,0,0,0,0,0,0,0,0,0,0,0,0,0,0,0,0,0,0,0,0,0,0,0,0,0,0,0,0,0,0,0,0,0,0,0,0,0,0,0,0,0,0,0,0,China,13,26,-1,578,206,4,137,440,14,440,14,12,29,1108,32,-8,41,26,-1,13,3,14634,49,2
76,WM177,0,0,0,0,0,0,0,0,0,0,0,0,0,0,0,0,0,0,0,0,0,0,0,0,0,0,0,0,0,0,0,0,0,0,0,0,0,0,0,0,0,0,0,0,0,0,0,0,0,0,0,0,0,0,0,0,0,0,0,0,China,13,26,-1,578,206,4,137,440,14,440,14,12,29,1108,32,-8,41,26,-1,13,3,14634,49,2
77,WM178,0,0,0,0,0,0,0,0,0,0,0,0,0,0,0,0,0,0,0,0,0,0,0,0,0,0,0,0,0,0,0,0,0,0,0,0,0,0,0,0,0,0,0,0,0,0,0,0,0,0,0,0,0,0,0,0,0,0,0,0,China,13,26,-1,578,206,4,137,440,14,440,14,12,29,1108,32,-8,41,26,-1,13,3,14634,49,2
78,WM179,0,0,0,0,0,0,0,0,0,0,0,0,0,0,0,0,0,0,0,0,0,0,0,0,0,0,0,0,0,0,0,0,0,0,0,0,0,0,0,0,0,0,0,0,0,0,0,0,0,0,0,0,0,0,0,0,0,0,0,0,China,13,26,-1,578,206,4,137,440,14,440,14,12,29,1108,32,-8,41,26,-1,13,3,14634,49,2
79,WM18,0,0,0,0,0,0,0,0,0,0,0,0,0,0,0,0,0,0,0,0,0,0,0,0,0,0,0,0,0,0,0,0,0,0,0,0,0,0,0,0,0,0,0,0,0,0,0,0,0,0,0,0,0,0,0,0,0,0,0,0,Nigeria,27,30,26,1349,275,1,94,766,10,113,766,11,61,169,36,19,18,26,27,27,2,16242,113,3
80,WM182,0,0,0,0,0,0,0,0,0,0,0,0,0,0,0,0,0,0,0,0,0,0,0,0,0,0,0,0,0,0,0,0,0,0,0,0,0,0,0,0,0,0,0,0,0,0,0,0,0,0,0,0,0,0,0,0,0,0,0,0,China,13,26,-1,578,206,4,137,440,14,440,14,12,29,1108,32,-8,41,26,-1,13,3,14634,49,2
81,WM183,0,0,0,0,0,0,0,0,0,0,0,0,0,0,0,0,0,0,0,0,0,0,0,0,0,0,0,0,0,0,0,0,0,0,0,0,0,0,0,0,0,0,0,0,0,0,0,0,0,0,0,0,0,0,0,0,0,0,0,0,China,13,26,-1,578,206,4,137,440,14,440,14,12,29,1108,32,-8,41,26,-1,13,3,14634,49,2
82,WM185,0,0,0,0,0,0,0,0,0,0,0,0,0,0,0,0,0,0,0,0,0,0,0,0,0,0,0,0,0,0,0,0,0,0,0,0,0,0,0,0,0,0,0,0,0,0,0,0,0,0,0,0,0,0,0,0,0,0,0,0,China,13,26,-1,578,206,4,137,440,14,440,14,12,29,1108,32,-8,41,26,-1,13,3,14634,49,2
83,WM186,0,0,0,0,0,0,0,0,0,0,0,0,0,0,0,0,0,0,0,0,0,0,0,0,0,0,0,0,0,0,0,0,0,0,0,0,0,0,0,0,0,0,0,0,0,0,0,0,0,0,0,0,0,0,0,0,0,0,0,0,Russian,6,18,-6,685,88,32,33,248,105,248,131,8,23,978,24,-10,34,18,0,6,4,9587,58,1
84,WM187,0,0,0,0,0,0,0,0,0,0,0,0,0,0,0,0,0,0,0,0,0,0,0,0,0,0,0,0,0,0,0,0,0,0,0,0,0,0,0,0,0,0,0,0,0,0,0,0,0,0,0,0,0,0,0,0,0,0,0,0,Russian,6,18,-6,685,88,32,33,248,105,248,131,8,23,978,24,-10,34,18,0,6,4,9587,58,1
85,WM188,0,0,0,0,0,0,0,0,0,0,0,0,0,0,0,0,0,0,0,0,0,0,0,0,0,0,0,0,0,0,0,0,0,0,0,0,0,0,0,0,0,0,0,0,0,0,0,0,0,0,0,0,0,0,0,0,0,0,0,0,Russian,6,18,-6,685,88,32,33,248,105,248,131,8,23,978,24,-10,34,18,0,6,4,9587,58,1
86,WM189,0,0,0,0,0,0,0,0,0,0,0,0,0,0,0,0,0,0,0,0,0,0,0,0,0,0,0,0,0,0,0,0,0,0,0,0,0,0,0,0,0,0,0,0,0,0,0,0,0,0,0,0,0,0,0,0,0,0,0,0,Russian,6,18,-6,685,88,32,33,248,105,248,131,8,23,978,24,-10,34,18,0,6,4,9587,58,1
87,WM19,0,0,0,0,0,0,0,0,0,0,0,0,0,0,0,0,0,0,0,0,0,0,0,0,0,0,0,0,0,0,0,0,0,0,0,0,0,0,0,0,0,0,0,0,0,0,0,0,0,0,0,0,0,0,0,0,0,0,0,0,Zaire,26,27,23,1424,261,2,73,580,15,523,15,10,68,133,32,18,14,26,23,26,2,13371,119,3
88,WM190,0,0,0,0,0,0,0,0,0,0,0,0,0,0,0,0,0,0,0,0,0,0,0,0,0,0,0,0,0,0,0,0,0,0,0,0,0,0,0,0,0,0,0,0,0,0,0,0,0,0,0,0,0,0,0,0,0,0,0,0,Ukraine,9,20,-2,607,86,33,33,224,108,224,120,8,25,908,25,-6,32,20,-1,9,3,10992,51,1
89,WM191,0,0,0,0,0,0,0,0,0,0,0,0,0,0,0,0,0,0,0,0,0,0,0,0,0,0,0,0,0,0,0,0,0,0,0,0,0,0,0,0,0,0,0,0,0,0,0,0,0,0,0,0,0,0,0,0,0,0,0,0,Ukraine,9,20,-2,607,86,33,33,224,108,224,120,8,25,908,25,-6,32,20,-1,9,3,10992,51,1
90,WM192,0,0,0,0,0,0,0,0,0,0,0,0,0,0,0,0,0,0,0,0,0,0,0,0,0,0,0,0,0,0,0,0,0,0,0,0,0,0,0,0,0,0,0,0,0,0,0,0,0,0,0,0,0,0,0,0,0,0,0,0,Ukraine,9,20,-2,607,86,33,33,224,108,224,120,8,25,908,25,-6,32,20,-1,9,3,10992,51,1
91,WM193,0,0,0,0,0,0,0,0,0,0,0,0,0,0,0,0,0,0,0,0,0,0,0,0,0,0,0,0,0,0,0,0,0,0,0,0,0,0,0,0,0,0,0,0,0,0,0,0,0,0,0,0,0,0,0,0,0,0,0,0,Uzbekistan,15,27,3,463,67,3,65,194,15,19,179,13,33,968,36,-3,39,10,25,15,3,16286,39,1
92,WM194,0,0,0,0,0,0,0,0,0,0,0,0,0,0,0,0,0,0,0,0,0,0,0,0,0,0,0,0,0,0,0,0,0,0,0,0,0,0,0,0,0,0,0,0,0,0,0,0,0,0,0,0,0,0,0,0,0,0,0,0,Macedonia,12,23,2,511,55,32,19,151,105,118,118,12,35,834,31,-3,34,7,22,12,2,14237,43,1
93,WM196,0,0,0,0,0,0,0,0,0,0,0,0,0,0,0,0,0,0,0,0,0,0,0,0,0,0,0,0,0,0,0,0,0,0,0,0,0,0,0,0,0,0,0,0,0,0,0,0,0,0,0,0,0,0,0,0,0,0,0,0,China,13,26,-1,578,206,4,137,440,14,440,14,12,29,1108,32,-8,41,26,-1,13,3,14634,49,2
94,WM197,0,0,0,0,0,0,0,0,0,0,0,0,0,0,0,0,0,0,0,0,0,0,0,0,0,0,0,0,0,0,0,0,0,0,0,0,0,0,0,0,0,0,0,0,0,0,0,0,0,0,0,0,0,0,0,0,0,0,0,0,China,13,26,-1,578,206,4,137,440,14,440,14,12,29,1108,32,-8,41,26,-1,13,3,14634,49,2
95,WM198,0,0,0,0,0,0,0,0,0,0,0,0,0,0,0,0,0,0,0,0,0,0,0,0,0,0,0,0,0,0,0,0,0,0,0,0,0,0,0,0,0,0,0,0,0,0,0,0,0,0,0,0,0,0,0,0,0,0,0,0,China,13,26,-1,578,206,4,137,440,14,440,14,12,29,1108,32,-8,41,26,-1,13,3,14634,49,2
96,WM199,0,0,0,0,0,0,0,0,0,0,0,0,0,0,0,0,0,0,0,0,0,0,0,0,0,0,0,0,0,0,0,0,0,0,0,0,0,0,0,0,0,0,0,0,0,0,0,0,0,0,0,0,0,0,0,0,0,0,0,0,China,13,26,-1,578,206,4,137,440,14,440,14,12,29,1108,32,-8,41,26,-1,13,3,14634,49,2
97,WM2,0,0,0,0,0,0,0,0,0,0,0,0,0,0,0,0,0,0,0,0,0,0,0,0,0,0,0,0,0,0,0,0,0,0,0,0,0,0,0,0,0,0,0,0,0,0,0,0,0,0,0,0,0,0,0,0,0,0,0,0,UnitedStates,14,25,3,1041,103,69,12,290,228,282,228,12,33,884,32,-3,36,23,3,14,4,13974,87,2
98,WM20,0,0,0,0,0,0,0,0,0,0,0,0,0,0,0,0,0,0,0,0,0,0,0,0,0,0,0,0,0,0,0,0,0,0,0,0,0,0,0,0,0,0,0,0,0,0,0,0,0,0,0,0,0,0,0,0,0,0,0,0,Nigeria,27,30,26,1349,275,1,94,766,10,113,766,11,61,169,36,19,18,26,27,27,2,16242,113,3
99,WM200,0,0,0,0,0,0,0,0,0,0,0,0,0,0,0,0,0,0,0,0,0,0,0,0,0,0,0,0,0,0,0,0,0,0,0,0,0,0,0,0,0,0,0,0,0,0,0,0,0,0,0,0,0,0,0,0,0,0,0,0,China,13,26,-1,578,206,4,137,440,14,440,14,12,29,1108,32,-8,41,26,-1,13,3,14634,49,2
100,WM201,0,0,0,0,0,0,0,0,0,0,0,0,0,0,0,0,0,0,0,0,0,0,0,0,0,0,0,0,0,0,0,0,0,0,0,0,0,0,0,0,0,0,0,0,0,0,0,0,0,0,0,0,0,0,0,0,0,0,0,0,China,13,26,-1,578,206,4,137,440,14,440,14,12,29,1108,32,-8,41,26,-1,13,3,14634,49,2
101,WM202,0,0,0,0,0,0,0,0,0,0,0,0,0,0,0,0,0,0,0,0,0,0,0,0,0,0,0,0,0,0,0,0,0,0,0,0,0,0,0,0,0,0,0,0,0,0,0,0,0,0,0,0,0,0,0,0,0,0,0,0,China,13,26,-1,578,206,4,137,440,14,440,14,12,29,1108,32,-8,41,26,-1,13,3,14634,49,2
102,WM203,0,0,0,0,0,0,0,0,0,0,0,0,0,0,0,0,0,0,0,0,0,0,0,0,0,0,0,0,0,0,0,0,0,0,0,0,0,0,0,0,0,0,0,0,0,0,0,0,0,0,0,0,0,0,0,0,0,0,0,0,China,13,26,-1,578,206,4,137,440,14,440,14,12,29,1108,32,-8,41,26,-1,13,3,14634,49,2
103,WM204,0,0,0,0,0,0,0,0,0,0,0,0,0,0,0,0,0,0,0,0,0,0,0,0,0,0,0,0,0,0,0,0,0,0,0,0,0,0,0,0,0,0,0,0,0,0,0,0,0,0,0,0,0,0,0,0,0,0,0,0,China,13,26,-1,578,206,4,137,440,14,440,14,12,29,1108,32,-8,41,26,-1,13,3,14634,49,2
104,WM205,0,0,0,0,0,0,0,0,0,0,0,0,0,0,0,0,0,0,0,0,0,0,0,0,0,0,0,0,0,0,0,0,0,0,0,0,0,0,0,0,0,0,0,0,0,0,0,0,0,0,0,0,0,0,0,0,0,0,0,0,China,13,26,-1,578,206,4,137,440,14,440,14,12,29,1108,32,-8,41,26,-1,13,3,14634,49,2
105,WM206,0,0,0,0,0,0,0,0,0,0,0,0,0,0,0,0,0,0,0,0,0,0,0,0,0,0,0,0,0,0,0,0,0,0,0,0,0,0,0,0,0,0,0,0,0,0,0,0,0,0,0,0,0,0,0,0,0,0,0,0,China,13,26,-1,578,206,4,137,440,14,440,14,12,29,1108,32,-8,41,26,-1,13,3,14634,49,2
106,WM207,0,0,0,0,0,0,0,0,0,0,0,0,0,0,0,0,0,0,0,0,0,0,0,0,0,0,0,0,0,0,0,0,0,0,0,0,0,0,0,0,0,0,0,0,0,0,0,0,0,0,0,0,0,0,0,0,0,0,0,0,China,13,26,-1,578,206,4,137,440,14,440,14,12,29,1108,32,-8,41,26,-1,13,3,14634,49,2
107,WM208,0,0,0,0,0,0,0,0,0,0,0,0,0,0,0,0,0,0,0,0,0,0,0,0,0,0,0,0,0,0,0,0,0,0,0,0,0,0,0,0,0,0,0,0,0,0,0,0,0,0,0,0,0,0,0,0,0,0,0,0,China,13,26,-1,578,206,4,137,440,14,440,14,12,29,1108,32,-8,41,26,-1,13,3,14634,49,2
108,WM209,0,0,0,0,0,0,0,0,0,0,0,0,0,0,0,0,0,0,0,0,0,0,0,0,0,0,0,0,0,0,0,0,0,0,0,0,0,0,0,0,0,0,0,0,0,0,0,0,0,0,0,0,0,0,0,0,0,0,0,0,China,13,26,-1,578,206,4,137,440,14,440,14,12,29,1108,32,-8,41,26,-1,13,3,14634,49,2
109,WM21,0,0,0,0,0,0,0,0,0,0,0,0,0,0,0,0,0,0,0,0,0,0,0,0,0,0,0,0,0,0,0,0,0,0,0,0,0,0,0,0,0,0,0,0,0,0,0,0,0,0,0,0,0,0,0,0,0,0,0,0,Zambia,21,24,17,823,211,0,118,575,0,110,5,14,58,270,32,9,24,22,17,21,4,18124,69,2
110,WM210,0,0,0,0,0,0,0,0,0,0,0,0,0,0,0,0,0,0,0,0,0,0,0,0,0,0,0,0,0,0,0,0,0,0,0,0,0,0,0,0,0,0,0,0,0,0,0,0,0,0,0,0,0,0,0,0,0,0,0,0,China,13,26,-1,578,206,4,137,440,14,440,14,12,29,1108,32,-8,41,26,-1,13,3,14634,49,2
111,WM211,0,0,0,0,0,0,0,0,0,0,0,0,0,0,0,0,0,0,0,0,0,0,0,0,0,0,0,0,0,0,0,0,0,0,0,0,0,0,0,0,0,0,0,0,0,0,0,0,0,0,0,0,0,0,0,0,0,0,0,0,China,13,26,-1,578,206,4,137,440,14,440,14,12,29,1108,32,-8,41,26,-1,13,3,14634,49,2
112,WM212,0,0,0,0,0,0,0,0,0,0,0,0,0,0,0,0,0,0,0,0,0,0,0,0,0,0,0,0,0,0,0,0,0,0,0,0,0,0,0,0,0,0,0,0,0,0,0,0,0,0,0,0,0,0,0,0,0,0,0,0,China,13,26,-1,578,206,4,137,440,14,440,14,12,29,1108,32,-8,41,26,-1,13,3,14634,49,2
113,WM213,0,0,0,0,0,0,0,0,0,0,0,0,0,0,0,0,0,0,0,0,0,0,0,0,0,0,0,0,0,0,0,0,0,0,0,0,0,0,0,0,0,0,0,0,0,0,0,0,0,0,0,0,0,0,0,0,0,0,0,0,China,13,26,-1,578,206,4,137,440,14,440,14,12,29,1108,32,-8,41,26,-1,13,3,14634,49,2
114,WM214,0,0,0,0,0,0,0,0,0,0,0,0,0,0,0,0,0,0,0,0,0,0,0,0,0,0,0,0,0,0,0,0,0,0,0,0,0,0,0,0,0,0,0,0,0,0,0,0,0,0,0,0,0,0,0,0,0,0,0,0,China,13,26,-1,578,206,4,137,440,14,440,14,12,29,1108,32,-8,41,26,-1,13,3,14634,49,2
115,WM215,0,0,0,0,0,0,0,0,0,0,0,0,0,0,0,0,0,0,0,0,0,0,0,0,0,0,0,0,0,0,0,0,0,0,0,0,0,0,0,0,0,0,0,0,0,0,0,0,0,0,0,0,0,0,0,0,0,0,0,0,China,13,26,-1,578,206,4,137,440,14,440,14,12,29,1108,32,-8,41,26,-1,13,3,14634,49,2
116,WM216,0,0,0,0,0,0,0,0,0,0,0,0,0,0,0,0,0,0,0,0,0,0,0,0,0,0,0,0,0,0,0,0,0,0,0,0,0,0,0,0,0,0,0,0,0,0,0,0,0,0,0,0,0,0,0,0,0,0,0,0,China,13,26,-1,578,206,4,137,440,14,440,14,12,29,1108,32,-8,41,26,-1,13,3,14634,49,2
117,WM218,0,0,0,0,0,0,0,0,0,0,0,0,0,0,0,0,0,0,0,0,0,0,0,0,0,0,0,0,0,0,0,0,0,0,0,0,0,0,0,0,0,0,0,0,0,0,0,0,0,0,0,0,0,0,0,0,0,0,0,0,China,13,26,-1,578,206,4,137,440,14,440,14,12,29,1108,32,-8,41,26,-1,13,3,14634,49,2
118,WM22,1,2,2,2,2,2,2,2,2,2,2,2,2,2,1,2,2,1,2,2,2,1,2,1,1,2,1,1,2,2,1,2,2,1,2,2,1,1,2,1,1,2,1,1,2,2,3,2,1,2,2,2,1,3,1,1,2,2,1,2,Zimbabwe,19,22,15,854,201,2,108,555,6,313,6,13,60,283,28,7,22,21,15,19,3,19877,72,2
119,WM220,0,0,0,0,0,0,0,0,0,0,0,0,0,0,0,0,0,0,0,0,0,0,0,0,0,0,0,0,0,0,0,0,0,0,0,0,0,0,0,0,0,0,0,0,0,0,0,0,0,0,0,0,0,0,0,0,0,0,0,0,China,13,26,-1,578,206,4,137,440,14,440,14,12,29,1108,32,-8,41,26,-1,13,3,14634,49,2
120,WM222,0,0,0,0,0,0,0,0,0,0,0,0,0,0,0,0,0,0,0,0,0,0,0,0,0,0,0,0,0,0,0,0,0,0,0,0,0,0,0,0,0,0,0,0,0,0,0,0,0,0,0,0,0,0,0,0,0,0,0,0,China,13,26,-1,578,206,4,137,440,14,440,14,12,29,1108,32,-8,41,26,-1,13,3,14634,49,2
121,WM223,0,0,0,0,0,0,0,0,0,0,0,0,0,0,0,0,0,0,0,0,0,0,0,0,0,0,0,0,0,0,0,0,0,0,0,0,0,0,0,0,0,0,0,0,0,0,0,0,0,0,0,0,0,0,0,0,0,0,0,0,China,13,26,-1,578,206,4,137,440,14,440,14,12,29,1108,32,-8,41,26,-1,13,3,14634,49,2
122,WM224,0,0,0,0,0,0,0,0,0,0,0,0,0,0,0,0,0,0,0,0,0,0,0,0,0,0,0,0,0,0,0,0,0,0,0,0,0,0,0,0,0,0,0,0,0,0,0,0,0,0,0,0,0,0,0,0,0,0,0,0,China,13,26,-1,578,206,4,137,440,14,440,14,12,29,1108,32,-8,41,26,-1,13,3,14634,49,2
123,WM225,0,0,0,0,0,0,0,0,0,0,0,0,0,0,0,0,0,0,0,0,0,0,0,0,0,0,0,0,0,0,0,0,0,0,0,0,0,0,0,0,0,0,0,0,0,0,0,0,0,0,0,0,0,0,0,0,0,0,0,0,China,13,26,-1,578,206,4,137,440,14,440,14,12,29,1108,32,-8,41,26,-1,13,3,14634,49,2
124,WM226,0,0,0,0,0,0,0,0,0,0,0,0,0,0,0,0,0,0,0,0,0,0,0,0,0,0,0,0,0,0,0,0,0,0,0,0,0,0,0,0,0,0,0,0,0,0,0,0,0,0,0,0,0,0,0,0,0,0,0,0,China,13,26,-1,578,206,4,137,440,14,440,14,12,29,1108,32,-8,41,26,-1,13,3,14634,49,2
125,WM227,0,0,0,0,0,0,0,0,0,0,0,0,0,0,0,0,0,0,0,0,0,0,0,0,0,0,0,0,0,0,0,0,0,0,0,0,0,0,0,0,0,0,0,0,0,0,0,0,0,0,0,0,0,0,0,0,0,0,0,0,China,13,26,-1,578,206,4,137,440,14,440,14,12,29,1108,32,-8,41,26,-1,13,3,14634,49,2
126,WM228,0,0,0,0,0,0,0,0,0,0,0,0,0,0,0,0,0,0,0,0,0,0,0,0,0,0,0,0,0,0,0,0,0,0,0,0,0,0,0,0,0,0,0,0,0,0,0,0,0,0,0,0,0,0,0,0,0,0,0,0,Mexico,17,19,15,673,141,7,95,393,24,198,24,16,70,182,28,5,23,19,15,17,3,18153,57,2
127,WM229,0,0,0,0,0,0,0,0,0,0,0,0,0,0,0,0,0,0,0,0,0,0,0,0,0,0,0,0,0,0,0,0,0,0,0,0,0,0,0,0,0,0,0,0,0,0,0,0,0,0,0,0,0,0,0,0,0,0,0,0,UnitedStates,14,25,3,1041,103,69,12,290,228,282,228,12,33,884,32,-3,36,23,3,14,4,13974,87,2
128,WM23,0,0,0,0,0,0,0,0,0,0,0,0,0,0,0,0,0,0,0,0,0,0,0,0,0,0,0,0,0,0,0,0,0,0,0,0,0,0,0,0,0,0,0,0,0,0,0,0,0,0,0,0,0,0,0,0,0,0,0,0,India,26,33,16,724,236,5,135,568,32,270,40,13,40,687,40,8,33,31,17,26,2,18776,61,2
129,WM230,0,0,0,0,0,0,0,0,0,0,0,0,0,0,0,0,0,0,0,0,0,0,0,0,0,0,0,0,0,0,0,0,0,0,0,0,0,0,0,0,0,0,0,0,0,0,0,0,0,0,0,0,0,0,0,0,0,0,0,0,Hungary,12,22,2,531,62,28,25,173,91,163,102,9,29,798,28,-2,30,20,4,12,3,12050,45,1
130,WM231,0,0,0,0,0,0,0,0,0,0,0,0,0,0,0,0,0,0,0,0,0,0,0,0,0,0,0,0,0,0,0,0,0,0,0,0,0,0,0,0,0,0,0,0,0,0,0,0,0,0,0,0,0,0,0,0,0,0,0,0,UnitedStates,14,25,3,1041,103,69,12,290,228,282,228,12,33,884,32,-3,36,23,3,14,4,13974,87,2
131,WM232,0,0,0,0,0,0,0,0,0,0,0,0,0,0,0,0,0,0,0,0,0,0,0,0,0,0,0,0,0,0,0,0,0,0,0,0,0,0,0,0,0,0,0,0,0,0,0,0,0,0,0,0,0,0,0,0,0,0,0,0,China,13,26,-1,578,206,4,137,440,14,440,14,12,29,1108,32,-8,41,26,-1,13,3,14634,49,2
132,WM233,0,0,0,0,0,0,0,0,0,0,0,0,0,0,0,0,0,0,0,0,0,0,0,0,0,0,0,0,0,0,0,0,0,0,0,0,0,0,0,0,0,0,0,0,0,0,0,0,0,0,0,0,0,0,0,0,0,0,0,0,UnitedStates,14,25,3,1041,103,69,12,290,228,282,228,12,33,884,32,-3,36,23,3,14,4,13974,87,2
133,WM234,0,0,0,0,0,0,0,0,0,0,0,0,0,0,0,0,0,0,0,0,0,0,0,0,0,0,0,0,0,0,0,0,0,0,0,0,0,0,0,0,0,0,0,0,0,0,0,0,0,0,0,0,0,0,0,0,0,0,0,0,Bulgaria,11,20,1,617,78,33,29,219,110,193,110,12,36,788,28,-4,33,18,1,11,3,12712,52,1
134,WM235,0,0,0,0,0,0,0,0,0,0,0,0,0,0,0,0,0,0,0,0,0,0,0,0,0,0,0,0,0,0,0,0,0,0,0,0,0,0,0,0,0,0,0,0,0,0,0,0,0,0,0,0,0,0,0,0,0,0,0,0,Egypt,22,28,15,25,6,0,72,16,0,0,16,13,48,551,35,9,27,15,28,22,3,20007,3,2
135,WM236,0,0,0,0,0,0,0,0,0,0,0,0,0,0,0,0,0,0,0,0,0,0,0,0,0,0,0,0,0,0,0,0,0,0,0,0,0,0,0,0,0,0,0,0,0,0,0,0,0,0,0,0,0,0,0,0,0,0,0,0,UnitedStates,14,25,3,1041,103,69,12,290,228,282,228,12,33,884,32,-3,36,23,3,14,4,13974,87,2
136,WM238,0,0,0,0,0,0,0,0,0,0,0,0,0,0,0,0,0,0,0,0,0,0,0,0,0,0,0,0,0,0,0,0,0,0,0,0,0,0,0,0,0,0,0,0,0,0,0,0,0,0,0,0,0,0,0,0,0,0,0,0,UnitedStates,14,25,3,1041,103,69,12,290,228,282,228,12,33,884,32,-3,36,23,3,14,4,13974,87,2
137,WM239,0,0,0,0,0,0,0,0,0,0,0,0,0,0,0,0,0,0,0,0,0,0,0,0,0,0,0,0,0,0,0,0,0,0,0,0,0,0,0,0,0,0,0,0,0,0,0,0,0,0,0,0,0,0,0,0,0,0,0,0,UnitedStates,14,25,3,1041,103,69,12,290,228,282,228,12,33,884,32,-3,36,23,3,14,4,13974,87,2
138,WM24,0,0,0,0,0,0,0,0,0,0,0,0,0,0,0,0,0,0,0,0,0,0,0,0,0,0,0,0,0,0,0,0,0,0,0,0,0,0,0,0,0,0,0,0,0,0,0,0,0,1,0,0,0,0,0,0,0,0,0,0,Zimbabwe,19,22,15,854,201,2,108,555,6,313,6,13,60,283,28,7,22,21,15,19,3,19877,72,2
139,WM241,0,0,0,0,0,0,0,0,0,0,0,0,0,0,0,0,0,0,0,0,0,0,0,0,0,0,0,0,0,0,0,0,0,0,0,0,0,0,0,0,0,0,0,0,0,0,0,0,0,0,0,0,0,0,0,0,0,0,0,0,UnitedStates,14,25,3,1041,103,69,12,290,228,282,228,12,33,884,32,-3,36,23,3,14,4,13974,87,2
140,WM242,0,0,0,0,0,0,0,0,0,0,0,0,0,0,0,0,0,0,0,0,0,0,0,0,0,0,0,0,0,0,0,0,0,0,0,0,0,0,0,0,0,0,0,0,0,0,0,0,0,0,0,0,0,0,0,0,0,0,0,0,China,13,26,-1,578,206,4,137,440,14,440,14,12,29,1108,32,-8,41,26,-1,13,3,14634,49,2
141,WM243,0,0,0,0,0,0,0,0,0,0,0,0,0,0,0,0,0,0,0,0,0,0,0,0,0,0,0,0,0,0,0,0,0,0,0,0,0,0,0,0,0,0,0,0,0,0,0,0,0,0,0,0,0,0,0,0,0,0,0,0,China,13,26,-1,578,206,4,137,440,14,440,14,12,29,1108,32,-8,41,26,-1,13,3,14634,49,2
142,WM244,0,0,0,0,0,0,0,0,0,0,0,0,0,0,0,0,0,0,0,0,0,0,0,0,0,0,0,0,0,0,0,0,0,0,0,0,0,0,0,0,0,0,0,0,0,0,0,0,0,0,0,0,0,0,0,0,0,0,0,0,China,13,26,-1,578,206,4,137,440,14,440,14,12,29,1108,32,-8,41,26,-1,13,3,14634,49,2
143,WM245,0,0,0,0,0,0,0,0,0,0,0,0,0,0,0,0,0,0,0,0,0,0,0,0,0,0,0,0,0,0,0,0,0,0,0,0,0,0,0,0,0,0,0,0,0,0,0,0,0,0,0,0,0,0,0,0,0,0,0,0,China,13,26,-1,578,206,4,137,440,14,440,14,12,29,1108,32,-8,41,26,-1,13,3,14634,49,2
144,WM246,0,0,0,0,0,0,0,0,0,0,0,0,0,0,0,0,0,0,0,0,0,0,0,0,0,0,0,0,0,0,0,0,0,0,0,0,0,0,0,0,0,0,0,0,0,0,0,0,0,0,0,0,0,0,0,0,0,0,0,0,China,13,26,-1,578,206,4,137,440,14,440,14,12,29,1108,32,-8,41,26,-1,13,3,14634,49,2
145,WM247,0,0,0,0,0,0,0,0,0,0,0,0,0,0,0,0,0,0,0,0,0,0,0,0,0,0,0,0,0,0,0,0,0,0,0,0,0,0,0,0,0,0,0,0,0,0,0,0,0,0,0,0,0,0,0,0,0,0,0,0,China,13,26,-1,578,206,4,137,440,14,440,14,12,29,1108,32,-8,41,26,-1,13,3,14634,49,2
146,WM248,0,0,0,0,0,0,0,0,0,0,0,0,0,0,0,0,0,0,0,0,0,0,0,0,0,0,0,0,0,0,0,0,0,0,0,0,0,0,0,0,0,0,0,0,0,0,0,0,0,0,0,0,0,0,0,0,0,0,0,0,China,13,26,-1,578,206,4,137,440,14,440,14,12,29,1108,32,-8,41,26,-1,13,3,14634,49,2
147,WM249,0,0,0,0,0,0,0,0,0,0,0,0,0,0,0,0,0,0,0,0,0,0,0,0,0,0,0,0,0,0,0,0,0,0,0,0,0,0,0,0,0,0,0,0,0,0,0,0,0,0,0,0,0,0,0,0,0,0,0,0,China,13,26,-1,578,206,4,137,440,14,440,14,12,29,1108,32,-8,41,26,-1,13,3,14634,49,2
148,WM25,0,0,0,0,0,0,0,0,0,0,0,0,0,0,0,0,0,0,0,0,0,0,0,0,0,0,0,0,0,0,0,0,0,0,0,0,0,0,0,0,0,0,0,0,0,0,0,0,0,0,0,0,0,0,0,0,0,0,0,0,Egypt,22,28,15,25,6,0,72,16,0,0,16,13,48,551,35,9,27,15,28,22,3,20007,3,2
149,WM250,0,0,0,0,0,0,0,0,0,0,0,0,0,0,0,0,0,0,0,0,0,0,0,0,0,0,0,0,0,0,0,0,0,0,0,0,0,0,0,0,0,0,0,0,0,0,0,0,0,0,0,0,0,0,0,0,0,0,0,0,China,13,26,-1,578,206,4,137,440,14,440,14,12,29,1108,32,-8,41,26,-1,13,3,14634,49,2
150,WM251,0,0,0,0,0,0,0,0,0,0,0,0,0,0,0,0,0,0,0,0,0,0,0,0,0,0,0,0,0,0,0,0,0,0,0,0,0,0,0,0,0,0,0,0,0,0,0,0,0,0,0,0,0,0,0,0,0,0,0,0,China,13,26,-1,578,206,4,137,440,14,440,14,12,29,1108,32,-8,41,26,-1,13,3,14634,49,2
151,WM252,0,0,0,0,0,0,0,0,0,0,0,0,0,0,0,0,0,0,0,0,0,0,0,0,0,0,0,0,0,0,0,0,0,0,0,0,0,0,0,0,0,0,0,0,0,0,0,0,0,0,0,0,0,0,0,0,0,0,0,0,China,13,26,-1,578,206,4,137,440,14,440,14,12,29,1108,32,-8,41,26,-1,13,3,14634,49,2
152,WM253,0,0,0,0,0,0,0,0,0,0,0,0,0,0,0,0,0,0,0,0,0,0,0,0,0,0,0,0,0,0,0,0,0,0,0,0,0,0,0,0,0,0,0,0,0,0,0,0,0,0,0,0,0,0,0,0,0,0,0,0,China,13,26,-1,578,206,4,137,440,14,440,14,12,29,1108,32,-8,41,26,-1,13,3,14634,49,2
153,WM254,0,0,0,0,0,0,0,0,0,0,0,0,0,0,0,0,0,0,0,0,0,0,0,0,0,0,0,0,0,0,0,0,0,0,0,0,0,0,0,0,0,0,0,0,0,0,0,0,0,0,0,0,0,0,0,0,0,0,0,0,China,13,26,-1,578,206,4,137,440,14,440,14,12,29,1108,32,-8,41,26,-1,13,3,14634,49,2
154,WM255,0,0,0,0,0,0,0,0,0,0,0,0,0,0,0,0,0,0,0,0,0,0,0,0,0,0,0,0,0,0,0,0,0,0,0,0,0,0,0,0,0,0,0,0,0,0,0,0,0,0,0,0,0,0,0,0,0,0,0,0,China,13,26,-1,578,206,4,137,440,14,440,14,12,29,1108,32,-8,41,26,-1,13,3,14634,49,2
155,WM256,0,0,0,0,0,0,0,0,0,0,0,0,0,0,0,0,0,0,0,0,0,0,0,0,0,0,0,0,0,0,0,0,0,0,0,0,0,0,0,0,0,0,0,0,0,0,0,0,0,0,0,0,0,0,0,0,0,0,0,0,China,13,26,-1,578,206,4,137,440,14,440,14,12,29,1108,32,-8,41,26,-1,13,3,14634,49,2
156,WM257,0,0,0,0,0,0,0,0,0,0,0,0,0,0,0,0,0,0,0,0,0,0,0,0,0,0,0,0,0,0,0,0,0,0,0,0,0,0,0,0,0,0,0,0,0,0,0,0,0,0,0,0,0,0,0,0,0,0,0,0,China,13,26,-1,578,206,4,137,440,14,440,14,12,29,1108,32,-8,41,26,-1,13,3,14634,49,2
157,WM258,0,0,0,0,0,0,0,0,0,0,0,0,0,0,0,0,0,0,0,0,0,0,0,0,0,0,0,0,0,0,0,0,0,0,0,0,0,0,0,0,0,0,0,0,0,0,0,0,0,0,0,0,0,0,0,0,0,0,0,0,China,13,26,-1,578,206,4,137,440,14,440,14,12,29,1108,32,-8,41,26,-1,13,3,14634,49,2
158,WM259,0,0,0,0,0,0,0,0,0,0,0,0,0,0,0,0,0,0,0,0,0,0,0,0,0,0,0,0,0,0,0,0,0,0,0,0,0,0,0,0,0,0,0,0,0,0,0,0,0,0,0,0,0,0,0,0,0,0,0,0,China,13,26,-1,578,206,4,137,440,14,440,14,12,29,1108,32,-8,41,26,-1,13,3,14634,49,2
159,WM26,0,0,0,0,0,0,0,0,0,0,0,0,0,0,0,0,0,0,0,0,0,0,0,0,0,0,0,0,0,0,0,0,0,0,0,0,0,0,0,0,0,0,0,0,0,0,0,0,0,0,0,0,0,0,0,0,0,0,0,0,Turkey,12,22,1,396,53,10,41,135,38,58,125,12,35,840,30,-4,35,11,21,12,3,16367,33,1
160,WM260,0,0,0,0,0,0,0,0,0,0,0,0,0,0,0,0,0,0,0,0,0,0,0,0,0,0,0,0,0,0,0,0,0,0,0,0,0,0,0,0,0,0,0,0,0,0,0,0,0,0,0,0,0,0,0,0,0,0,0,0,Romania,11,22,0,581,79,29,35,220,93,205,95,12,33,886,29,-5,35,20,2,11,3,13349,49,2
161,WM261,0,0,0,0,0,0,0,0,0,0,0,0,0,0,0,0,0,0,0,0,0,0,0,0,0,0,0,0,0,0,0,0,0,0,0,0,0,0,0,0,0,0,0,0,0,0,0,0,0,0,0,0,0,0,0,0,0,0,0,0,Japan,16,26,6,1488,208,42,47,556,142,547,142,9,29,793,31,0,31,23,6,16,4,12790,124,2
162,WM262,0,0,0,0,0,0,0,0,0,0,0,0,0,0,0,0,0,0,0,0,0,0,0,0,0,0,0,0,0,0,0,0,0,0,0,0,0,0,0,0,0,0,0,0,0,0,0,0,0,0,0,0,0,0,0,0,0,0,0,0,Japan,16,26,6,1488,208,42,47,556,142,547,142,9,29,793,31,0,31,23,6,16,4,12790,124,2
163,WM263,0,0,0,0,0,0,0,0,0,0,0,0,0,0,0,0,0,0,0,0,0,0,0,0,0,0,0,0,0,0,0,0,0,0,0,0,0,0,0,0,0,0,0,0,0,0,0,0,0,0,0,0,0,0,0,0,0,0,0,0,Japan,16,26,6,1488,208,42,47,556,142,547,142,9,29,793,31,0,31,23,6,16,4,12790,124,2
164,WM264,0,0,0,0,0,0,0,0,0,0,0,0,0,0,0,0,0,0,0,0,0,0,0,0,0,0,0,0,0,0,0,0,0,0,0,0,0,0,0,0,0,0,0,0,0,0,0,0,0,0,0,0,0,0,0,0,0,0,0,0,Japan,16,26,6,1488,208,42,47,556,142,547,142,9,29,793,31,0,31,23,6,16,4,12790,124,2
165,WM265,0,0,0,0,0,0,0,0,0,0,0,0,0,0,0,0,0,0,0,0,0,0,0,0,0,0,0,0,0,0,0,0,0,0,0,0,0,0,0,0,0,0,0,0,0,0,0,0,0,0,0,0,0,0,0,0,0,0,0,0,UnitedStates,14,25,3,1041,103,69,12,290,228,282,228,12,33,884,32,-3,36,23,3,14,4,13974,87,2
166,WM266,0,0,0,0,0,0,0,0,0,0,0,0,0,0,0,0,0,0,0,0,0,0,0,0,0,0,0,0,0,0,0,0,0,0,0,0,0,0,0,0,0,0,0,0,0,0,0,0,0,0,0,0,0,0,0,0,0,0,0,0,Japan,16,26,6,1488,208,42,47,556,142,547,142,9,29,793,31,0,31,23,6,16,4,12790,124,2
167,WM267,0,0,0,0,0,0,0,0,0,0,0,0,0,0,0,0,0,0,0,0,0,0,0,0,0,0,0,0,0,0,0,0,0,0,0,0,0,0,0,0,0,0,0,0,0,0,0,0,0,0,0,0,0,0,0,0,0,0,0,0,Japan,16,26,6,1488,208,42,47,556,142,547,142,9,29,793,31,0,31,23,6,16,4,12790,124,2
168,WM268,0,0,0,0,0,0,0,0,0,0,0,0,0,0,0,0,0,0,0,0,0,0,0,0,0,0,0,0,0,0,0,0,0,0,0,0,0,0,0,0,0,0,0,0,0,0,0,0,0,0,0,0,0,0,0,0,0,0,0,0,UnitedStates,14,25,3,1041,103,69,12,290,228,282,228,12,33,884,32,-3,36,23,3,14,4,13974,87,2
169,WM269,0,0,0,0,0,0,0,0,0,0,0,0,0,0,0,0,0,0,0,0,0,0,0,0,0,0,0,0,0,0,0,0,0,0,0,0,0,0,0,0,0,0,0,0,0,0,0,0,0,0,0,0,0,0,0,0,0,0,0,0,Philippines,28,29,27,2348,520,10,92,1338,44,481,110,9,66,104,34,22,13,28,27,28,3,15691,196,3
170,WM27,0,0,0,0,0,0,0,0,0,0,0,0,0,0,0,0,0,0,0,0,0,0,0,0,0,0,0,0,0,0,0,0,0,0,0,0,0,0,0,0,0,0,0,0,0,0,0,0,0,0,0,0,0,0,0,0,0,0,0,0,UnitedStates,14,25,3,1041,103,69,12,290,228,282,228,12,33,884,32,-3,36,23,3,14,4,13974,87,2
171,WM270,0,0,0,0,0,0,0,0,0,0,0,0,0,0,0,0,0,0,0,0,0,0,0,0,0,0,0,0,0,0,0,0,0,0,0,0,0,0,0,0,0,0,0,0,0,0,0,0,0,0,0,0,0,0,0,0,0,0,0,0,Japan,16,26,6,1488,208,42,47,556,142,547,142,9,29,793,31,0,31,23,6,16,4,12790,124,2
172,WM271,0,0,0,0,0,0,0,0,0,0,0,0,0,0,0,0,0,0,0,0,0,0,0,0,0,0,0,0,0,0,0,0,0,0,0,0,0,0,0,0,0,0,0,0,0,0,0,0,0,0,0,0,0,0,0,0,0,0,0,0,Japan,16,26,6,1488,208,42,47,556,142,547,142,9,29,793,31,0,31,23,6,16,4,12790,124,2
173,WM272,0,0,0,0,0,0,0,0,0,0,0,0,0,0,0,0,0,0,0,0,0,0,0,0,0,0,0,0,0,0,0,0,0,0,0,0,0,0,0,0,0,0,0,0,0,0,0,0,0,0,0,0,0,0,0,0,0,0,0,0,Japan,16,26,6,1488,208,42,47,556,142,547,142,9,29,793,31,0,31,23,6,16,4,12790,124,2
174,WM273,0,0,0,0,0,0,0,0,0,0,0,0,0,0,0,0,0,0,0,0,0,0,0,0,0,0,0,0,0,0,0,0,0,0,0,0,0,0,0,0,0,0,0,0,0,0,0,0,0,0,0,0,0,0,0,0,0,0,0,0,Japan,16,26,6,1488,208,42,47,556,142,547,142,9,29,793,31,0,31,23,6,16,4,12790,124,2
175,WM274,0,0,0,0,0,0,0,0,0,0,0,0,0,0,0,0,0,0,0,0,0,0,0,0,0,0,0,0,0,0,0,0,0,0,0,0,0,0,0,0,0,0,0,0,0,0,0,0,0,0,0,0,0,0,0,0,0,0,0,0,Japan,16,26,6,1488,208,42,47,556,142,547,142,9,29,793,31,0,31,23,6,16,4,12790,124,2
176,WM276,0,0,0,0,0,0,0,0,0,0,0,0,0,0,0,0,0,0,0,0,0,0,0,0,0,0,0,0,0,0,0,0,0,0,0,0,0,0,0,0,0,0,0,0,0,0,0,0,0,0,0,0,0,0,0,0,0,0,0,0,Japan,16,26,6,1488,208,42,47,556,142,547,142,9,29,793,31,0,31,23,6,16,4,12790,124,2
177,WM279,0,0,0,0,0,0,0,0,0,0,0,0,0,0,0,0,0,0,0,0,0,0,0,0,0,0,0,0,0,0,0,0,0,0,0,0,0,0,0,0,0,0,0,0,0,0,0,0,0,0,0,0,0,0,0,0,0,0,0,0,China,13,26,-1,578,206,4,137,440,14,440,14,12,29,1108,32,-8,41,26,-1,13,3,14634,49,2
178,WM28,0,0,0,0,0,0,0,0,0,0,0,0,0,0,0,0,0,0,0,0,0,0,0,0,0,0,0,0,0,0,0,0,0,0,1,0,0,0,0,0,0,0,0,0,0,0,0,0,0,0,0,0,0,0,0,0,0,0,0,0,Japan,16,26,6,1488,208,42,47,556,142,547,142,9,29,793,31,0,31,23,6,16,4,12790,124,2
179,WM280,0,0,0,0,0,0,0,0,0,0,0,0,0,0,0,0,0,0,0,0,0,0,0,0,0,0,0,0,0,0,0,0,0,0,0,0,0,0,0,0,0,0,0,0,0,0,0,0,0,0,0,0,0,0,0,0,0,0,0,0,China,13,26,-1,578,206,4,137,440,14,440,14,12,29,1108,32,-8,41,26,-1,13,3,14634,49,2
180,WM281,0,0,0,0,0,0,0,0,0,0,0,0,0,0,0,0,0,0,0,0,0,0,0,0,0,0,0,0,0,0,0,0,0,0,0,0,0,0,0,0,0,0,0,0,0,0,0,0,0,0,0,0,0,0,0,0,0,0,0,0,China,13,26,-1,578,206,4,137,440,14,440,14,12,29,1108,32,-8,41,26,-1,13,3,14634,49,2
181,WM282,0,0,0,0,0,0,0,0,0,0,0,0,0,0,0,0,0,0,0,0,0,0,0,0,0,0,0,0,0,0,0,0,0,0,0,0,0,0,0,0,0,0,0,0,0,0,0,0,0,0,0,0,0,0,0,0,0,0,0,0,China,13,26,-1,578,206,4,137,440,14,440,14,12,29,1108,32,-8,41,26,-1,13,3,14634,49,2
182,WM283,0,0,0,0,0,0,0,0,0,0,0,0,0,0,0,0,0,0,0,0,0,0,0,0,0,0,0,0,0,0,0,0,0,0,0,0,0,0,0,0,0,0,0,0,0,0,0,0,0,0,0,0,0,0,0,0,0,0,0,0,China,13,26,-1,578,206,4,137,440,14,440,14,12,29,1108,32,-8,41,26,-1,13,3,14634,49,2
183,WM284,0,0,0,0,0,0,0,0,0,0,0,0,0,0,0,0,0,0,0,0,0,0,0,0,0,0,0,0,0,0,0,0,0,0,0,0,0,0,0,0,0,0,0,0,0,0,0,0,0,0,0,0,0,0,0,0,0,0,0,0,China,13,26,-1,578,206,4,137,440,14,440,14,12,29,1108,32,-8,41,26,-1,13,3,14634,49,2
184,WM285,0,0,0,0,0,0,0,0,0,0,0,0,0,0,0,0,0,0,0,0,0,0,0,0,0,0,0,0,0,0,0,0,0,0,0,0,0,0,0,0,0,0,0,0,0,0,0,0,0,0,0,0,0,0,0,0,0,0,0,0,China,13,26,-1,578,206,4,137,440,14,440,14,12,29,1108,32,-8,41,26,-1,13,3,14634,49,2
185,WM286,0,0,0,0,0,0,0,0,0,0,0,0,0,0,0,0,0,0,0,0,0,0,0,0,0,0,0,0,0,0,0,0,0,0,0,0,0,0,0,0,0,0,0,0,0,0,0,0,0,0,0,0,0,0,0,0,0,0,0,0,UnitedStates,14,25,3,1041,103,69,12,290,228,282,228,12,33,884,32,-3,36,23,3,14,4,13974,87,2
186,WM287,0,0,0,0,0,0,0,0,0,0,0,0,0,0,0,0,0,0,0,0,0,0,0,0,0,0,0,0,0,0,0,0,0,0,0,0,0,0,0,0,0,0,0,0,0,0,0,0,0,0,0,0,0,0,0,0,0,0,0,0,UnitedStates,14,25,3,1041,103,69,12,290,228,282,228,12,33,884,32,-3,36,23,3,14,4,13974,87,2
187,WM288,0,0,0,0,0,0,0,0,0,0,0,0,0,0,0,0,0,0,0,0,0,0,0,0,0,0,0,0,0,0,0,0,0,0,0,0,0,0,0,0,0,0,0,0,0,0,0,0,0,0,0,0,0,0,0,0,0,0,0,0,China,13,26,-1,578,206,4,137,440,14,440,14,12,29,1108,32,-8,41,26,-1,13,3,14634,49,2
188,WM289,0,0,0,0,0,0,0,0,0,0,0,0,0,0,0,0,0,0,0,0,0,0,0,0,0,0,0,0,0,0,0,0,0,0,0,0,0,0,0,0,0,0,0,0,0,0,0,0,0,0,0,0,0,0,0,0,0,0,0,0,China,13,26,-1,578,206,4,137,440,14,440,14,12,29,1108,32,-8,41,26,-1,13,3,14634,49,2
189,WM29,0,0,0,0,0,0,0,0,0,0,0,0,0,0,0,0,0,0,0,0,0,0,0,0,0,0,0,0,0,0,0,0,0,0,0,0,0,0,0,0,0,0,0,0,0,0,0,0,0,0,0,0,0,0,0,0,0,0,0,0,China,13,26,-1,578,206,4,137,440,14,440,14,12,29,1108,32,-8,41,26,-1,13,3,14634,49,2
190,WM290,0,0,0,0,0,0,0,0,0,0,0,0,0,0,0,0,0,0,0,0,0,0,0,0,0,0,0,0,0,0,0,0,0,0,0,0,0,0,0,0,0,0,0,0,0,0,0,0,0,0,0,0,0,0,0,0,0,0,0,0,China,13,26,-1,578,206,4,137,440,14,440,14,12,29,1108,32,-8,41,26,-1,13,3,14634,49,2
191,WM291,0,0,0,0,0,0,0,0,0,0,0,0,0,0,0,0,0,0,0,0,0,0,0,0,0,0,0,0,0,0,0,0,0,0,0,0,0,0,0,0,0,0,0,0,0,0,0,0,0,0,0,0,0,0,0,0,0,0,0,0,China,13,26,-1,578,206,4,137,440,14,440,14,12,29,1108,32,-8,41,26,-1,13,3,14634,49,2
192,WM292,0,0,0,0,0,0,0,0,0,0,0,0,0,0,0,0,0,0,0,0,0,0,0,0,0,0,0,0,0,0,0,0,0,0,0,0,0,0,0,0,0,0,0,0,0,0,0,0,0,0,0,0,0,0,0,0,0,0,0,0,China,13,26,-1,578,206,4,137,440,14,440,14,12,29,1108,32,-8,41,26,-1,13,3,14634,49,2
193,WM293,0,0,0,0,0,0,0,0,0,0,0,0,0,0,0,0,0,0,0,0,0,0,0,0,0,0,0,0,0,0,0,0,0,0,0,0,0,0,0,0,0,0,0,0,0,0,0,0,0,0,0,0,0,0,0,0,0,0,0,0,China,13,26,-1,578,206,4,137,440,14,440,14,12,29,1108,32,-8,41,26,-1,13,3,14634,49,2
194,WM294,0,0,0,0,0,0,0,0,0,0,0,0,0,0,0,0,0,0,0,0,0,0,0,0,0,0,0,0,0,0,0,0,0,0,0,0,0,0,0,0,0,0,0,0,0,0,0,0,0,0,0,0,0,0,0,0,0,0,0,0,China,13,26,-1,578,206,4,137,440,14,440,14,12,29,1108,32,-8,41,26,-1,13,3,14634,49,2
195,WM295,0,0,0,0,0,0,0,0,0,0,0,0,0,0,0,0,0,0,0,0,0,0,0,0,0,0,0,0,0,0,0,0,0,0,0,0,0,0,0,0,0,0,0,0,0,0,0,0,0,0,0,0,0,0,0,0,0,0,0,0,Mexico,17,19,15,673,141,7,95,393,24,198,24,16,70,182,28,5,23,19,15,17,3,18153,57,2
196,WM296,0,0,0,0,0,0,0,0,0,0,0,0,0,0,0,0,0,0,0,0,0,0,0,0,0,0,0,0,0,0,0,0,0,0,0,0,0,0,0,0,0,0,0,0,0,0,0,0,0,0,0,0,0,0,0,0,0,0,0,0,China,13,26,-1,578,206,4,137,440,14,440,14,12,29,1108,32,-8,41,26,-1,13,3,14634,49,2
197,WM298,0,0,0,0,0,0,0,0,0,0,0,0,0,0,0,0,0,0,0,0,0,0,0,0,0,0,0,0,0,0,0,0,0,0,0,0,0,0,0,0,0,0,0,0,0,0,0,0,0,0,0,0,0,0,0,0,0,0,0,0,China,13,26,-1,578,206,4,137,440,14,440,14,12,29,1108,32,-8,41,26,-1,13,3,14634,49,2
198,WM299,0,0,0,0,0,0,0,0,0,0,0,0,0,0,0,0,0,0,0,0,0,0,0,0,0,0,0,0,0,0,0,0,0,0,0,0,0,0,0,0,0,0,0,0,0,0,0,0,0,0,0,0,0,0,0,0,0,0,0,0,UnitedStates,14,25,3,1041,103,69,12,290,228,282,228,12,33,884,32,-3,36,23,3,14,4,13974,87,2
199,WM3,0,0,0,0,0,0,0,0,0,0,0,0,0,0,0,0,0,0,0,0,0,0,0,0,0,0,0,0,0,0,0,0,0,0,0,0,0,0,0,0,0,0,0,0,0,0,0,0,0,0,0,0,0,0,0,0,0,0,0,0,China,13,26,-1,578,206,4,137,440,14,440,14,12,29,1108,32,-8,41,26,-1,13,3,14634,49,2
200,WM30,0,0,0,0,0,0,0,0,0,0,0,0,0,0,0,0,0,0,0,0,0,0,0,0,0,0,0,0,0,0,0,0,0,0,0,0,0,0,0,0,0,0,0,0,0,0,0,0,0,0,0,0,0,0,0,0,0,0,0,0,Spain,15,24,7,416,53,11,41,151,50,50,124,11,37,678,32,2,30,11,24,15,3,15851,35,1
201,WM300,0,0,0,0,0,0,0,0,0,0,0,0,0,0,0,0,0,0,0,0,0,0,0,0,0,0,0,0,0,0,0,0,0,0,0,0,0,0,0,0,0,0,0,0,0,0,0,0,0,0,0,0,0,0,0,0,0,0,0,0,China,13,26,-1,578,206,4,137,440,14,440,14,12,29,1108,32,-8,41,26,-1,13,3,14634,49,2
202,WM301,0,0,0,0,0,0,0,0,0,0,0,0,0,0,0,0,0,0,0,0,0,0,0,0,0,0,0,0,0,0,0,0,0,0,0,0,0,0,0,0,0,0,0,0,0,0,0,0,0,0,0,0,0,0,0,0,0,0,0,0,China,13,26,-1,578,206,4,137,440,14,440,14,12,29,1108,32,-8,41,26,-1,13,3,14634,49,2
203,WM303,0,0,0,0,0,0,0,0,0,0,0,0,0,0,0,0,0,0,0,0,0,0,0,0,0,0,0,0,0,0,0,0,0,0,0,0,0,0,0,0,0,0,0,0,0,0,0,0,0,0,0,0,0,0,0,0,0,0,0,0,China,13,26,-1,578,206,4,137,440,14,440,14,12,29,1108,32,-8,41,26,-1,13,3,14634,49,2
204,WM304,0,0,0,0,0,0,0,0,0,0,0,0,0,0,0,0,0,0,0,0,0,0,0,0,0,0,0,0,0,0,0,0,0,0,0,0,0,0,0,0,0,0,0,0,0,0,0,0,0,0,0,0,0,0,0,0,0,0,0,0,Hungary,12,22,2,531,62,28,25,173,91,163,102,9,29,798,28,-2,30,20,4,12,3,12050,45,1
205,WM305,0,0,0,0,0,0,0,0,0,0,0,0,0,0,0,0,0,0,0,0,0,0,0,0,0,0,0,0,0,0,0,0,0,0,0,0,0,0,0,0,0,0,0,0,0,0,0,0,0,0,0,0,0,0,0,0,0,0,0,0,China,13,26,-1,578,206,4,137,440,14,440,14,12,29,1108,32,-8,41,26,-1,13,3,14634,49,2
206,WM306,0,0,0,0,0,0,0,0,0,0,0,0,0,0,0,0,0,0,0,0,0,0,0,0,0,0,0,0,0,0,0,0,0,0,0,0,0,0,0,0,0,0,0,0,0,0,0,0,0,0,0,0,0,0,0,0,0,0,0,0,China,13,26,-1,578,206,4,137,440,14,440,14,12,29,1108,32,-8,41,26,-1,13,3,14634,49,2
207,WM307,0,0,0,0,0,0,0,0,0,0,0,0,0,0,0,0,0,0,0,0,0,0,0,0,0,0,0,0,0,0,0,0,0,0,0,0,0,0,0,0,0,0,0,0,0,0,0,0,0,0,0,0,0,0,0,0,0,0,0,0,China,13,26,-1,578,206,4,137,440,14,440,14,12,29,1108,32,-8,41,26,-1,13,3,14634,49,2
208,WM308,0,0,0,0,0,0,0,0,0,0,0,0,0,0,0,0,0,0,0,0,0,0,0,0,0,0,0,0,0,0,0,0,0,0,0,0,0,0,0,0,0,0,0,0,0,0,0,0,0,0,0,0,0,0,0,0,0,0,0,0,China,13,26,-1,578,206,4,137,440,14,440,14,12,29,1108,32,-8,41,26,-1,13,3,14634,49,2
209,WM309,0,0,0,0,0,0,0,0,0,0,0,0,0,0,0,0,0,0,0,0,0,0,0,0,0,0,0,0,0,0,0,0,0,0,0,0,0,0,0,0,0,0,0,0,0,0,0,0,0,0,0,0,0,0,0,0,0,0,0,0,China,13,26,-1,578,206,4,137,440,14,440,14,12,29,1108,32,-8,41,26,-1,13,3,14634,49,2
210,WM31,0,0,0,0,0,0,0,0,0,0,0,0,0,0,0,0,0,0,0,0,0,0,0,0,0,0,0,0,0,0,0,0,0,0,0,0,0,0,0,0,0,0,0,0,0,0,0,0,0,0,0,0,0,0,0,0,0,0,0,0,China,13,26,-1,578,206,4,137,440,14,440,14,12,29,1108,32,-8,41,26,-1,13,3,14634,49,2
211,WM310,0,0,0,0,0,0,0,0,0,0,0,0,0,0,0,0,0,0,0,0,0,0,0,0,0,0,0,0,0,0,0,0,0,0,0,0,0,0,0,0,0,0,0,0,0,0,0,0,0,0,0,0,0,0,0,0,0,0,0,0,China,13,26,-1,578,206,4,137,440,14,440,14,12,29,1108,32,-8,41,26,-1,13,3,14634,49,2
212,WM311,0,0,0,0,0,0,0,0,0,0,0,0,0,0,0,0,0,0,0,0,0,0,0,0,0,0,0,0,0,0,0,0,0,0,0,0,0,0,0,0,0,0,0,0,0,0,0,0,0,0,0,0,0,0,0,0,0,0,0,0,China,13,26,-1,578,206,4,137,440,14,440,14,12,29,1108,32,-8,41,26,-1,13,3,14634,49,2
213,WM312,0,0,0,0,0,0,0,0,0,0,0,0,0,0,0,0,0,0,0,0,0,0,0,0,0,0,0,0,0,0,0,0,0,0,0,0,0,0,0,0,0,0,0,0,0,0,0,0,0,0,0,0,0,0,0,0,0,0,0,0,China,13,26,-1,578,206,4,137,440,14,440,14,12,29,1108,32,-8,41,26,-1,13,3,14634,49,2
214,WM313,0,0,0,0,0,0,0,0,0,0,0,0,0,0,0,0,0,0,0,0,0,0,0,0,0,0,0,0,0,0,0,0,0,0,0,0,0,0,0,0,0,0,0,0,0,0,0,0,0,0,0,0,0,0,0,0,0,0,0,0,China,13,26,-1,578,206,4,137,440,14,440,14,12,29,1108,32,-8,41,26,-1,13,3,14634,49,2
215,WM314,0,0,0,0,0,0,0,0,0,0,0,0,0,0,0,0,0,0,0,0,0,0,0,0,0,0,0,0,0,0,0,0,0,0,0,0,0,0,0,0,0,0,0,0,0,0,0,0,0,0,0,0,0,0,0,0,0,0,0,0,China,13,26,-1,578,206,4,137,440,14,440,14,12,29,1108,32,-8,41,26,-1,13,3,14634,49,2
216,WM315,0,0,0,0,0,0,0,0,0,0,0,0,0,0,0,0,0,0,0,0,0,0,0,0,0,0,0,0,0,0,0,0,0,0,0,0,0,0,0,0,0,0,0,0,0,0,0,0,0,0,0,0,0,0,0,0,0,0,0,0,China,13,26,-1,578,206,4,137,440,14,440,14,12,29,1108,32,-8,41,26,-1,13,3,14634,49,2
217,WM316,0,0,0,0,0,0,0,0,0,0,0,0,0,0,0,0,0,0,0,0,0,0,0,0,0,0,0,0,0,0,0,0,0,0,0,0,0,0,0,0,0,0,0,0,0,0,0,0,0,0,0,0,0,0,0,0,0,0,0,0,China,13,26,-1,578,206,4,137,440,14,440,14,12,29,1108,32,-8,41,26,-1,13,3,14634,49,2
218,WM317,0,0,0,0,0,0,0,0,0,0,0,0,0,0,0,0,0,0,0,0,0,0,0,0,0,0,0,0,0,0,0,0,0,0,0,0,0,0,0,0,0,0,0,0,0,0,0,0,0,0,0,0,0,0,0,0,0,0,0,0,China,13,26,-1,578,206,4,137,440,14,440,14,12,29,1108,32,-8,41,26,-1,13,3,14634,49,2
219,WM318,0,0,0,0,0,0,0,0,0,0,0,0,0,0,0,0,0,0,0,0,0,0,0,0,0,0,0,0,0,0,0,0,0,0,0,0,0,0,0,0,0,0,0,0,0,0,0,0,0,0,0,0,0,0,0,0,0,0,0,0,China,13,26,-1,578,206,4,137,440,14,440,14,12,29,1108,32,-8,41,26,-1,13,3,14634,49,2
220,WM319,0,0,0,0,0,0,0,0,0,0,0,0,0,0,0,0,0,0,0,0,0,0,0,0,0,0,0,0,0,0,0,0,0,0,0,0,0,0,0,0,0,0,0,0,0,0,0,0,0,0,0,0,0,0,0,0,0,0,0,0,China,13,26,-1,578,206,4,137,440,14,440,14,12,29,1108,32,-8,41,26,-1,13,3,14634,49,2
221,WM32,0,0,0,0,0,0,0,0,0,0,0,0,0,0,0,0,0,0,0,0,0,0,0,0,0,0,0,0,0,0,0,0,0,0,0,0,0,0,0,0,0,0,0,0,0,0,0,0,0,0,0,0,0,0,0,0,0,0,0,0,China,13,26,-1,578,206,4,137,440,14,440,14,12,29,1108,32,-8,41,26,-1,13,3,14634,49,2
222,WM320,0,0,0,0,0,0,0,0,0,0,0,0,0,0,0,0,0,0,0,0,0,0,0,0,0,0,0,0,0,0,0,0,0,0,0,0,0,0,0,0,0,0,0,0,0,0,0,0,0,0,0,0,0,0,0,0,0,0,0,0,China,13,26,-1,578,206,4,137,440,14,440,14,12,29,1108,32,-8,41,26,-1,13,3,14634,49,2
223,WM321,0,0,0,0,0,0,0,0,0,0,0,0,0,0,0,0,0,0,0,0,0,0,0,0,0,0,0,0,0,0,0,0,0,0,0,0,0,0,0,0,0,0,0,0,0,0,0,0,0,0,0,0,0,0,0,0,0,0,0,0,China,13,26,-1,578,206,4,137,440,14,440,14,12,29,1108,32,-8,41,26,-1,13,3,14634,49,2
224,WM322,0,0,0,0,0,0,0,0,0,0,0,0,0,0,0,0,0,0,0,0,0,0,0,0,0,0,0,0,0,0,0,0,0,0,0,0,0,0,0,0,0,0,0,0,0,0,0,0,0,0,0,0,0,0,0,0,0,0,0,0,China,13,26,-1,578,206,4,137,440,14,440,14,12,29,1108,32,-8,41,26,-1,13,3,14634,49,2
225,WM323,0,0,0,0,0,0,0,0,0,0,0,0,0,0,0,0,0,0,0,0,0,0,0,0,0,0,0,0,0,0,0,0,0,0,0,0,0,0,0,0,0,0,0,0,0,0,0,0,0,0,0,0,0,0,0,0,0,0,0,0,China,13,26,-1,578,206,4,137,440,14,440,14,12,29,1108,32,-8,41,26,-1,13,3,14634,49,2
226,WM324,0,0,0,0,0,0,0,0,0,0,0,0,0,0,0,0,0,0,0,0,0,0,0,0,0,0,0,0,0,0,0,0,0,0,0,0,0,0,0,0,0,0,0,0,0,0,0,0,0,0,0,0,0,0,0,0,0,0,0,0,China,13,26,-1,578,206,4,137,440,14,440,14,12,29,1108,32,-8,41,26,-1,13,3,14634,49,2
227,WM325,0,0,0,0,0,0,0,0,0,0,0,0,0,0,0,0,0,0,0,0,0,0,0,0,0,0,0,0,0,0,0,0,0,0,0,0,0,0,0,0,0,0,0,0,0,0,0,0,0,0,0,0,0,0,0,0,0,0,0,0,China,13,26,-1,578,206,4,137,440,14,440,14,12,29,1108,32,-8,41,26,-1,13,3,14634,49,2
228,WM326,0,0,0,0,0,0,0,0,0,0,0,0,0,0,0,0,0,0,0,0,0,0,0,0,0,0,0,0,0,0,0,0,0,0,0,0,0,0,0,0,0,0,0,0,0,0,0,0,0,0,0,0,0,0,0,0,0,0,0,0,China,13,26,-1,578,206,4,137,440,14,440,14,12,29,1108,32,-8,41,26,-1,13,3,14634,49,2
229,WM328,0,0,0,0,0,0,0,0,0,0,0,0,0,0,0,0,0,0,0,0,0,0,0,0,0,0,0,0,0,0,0,0,0,0,0,0,0,0,0,0,0,0,0,0,0,0,0,0,0,0,0,0,0,0,0,0,0,0,0,0,China,13,26,-1,578,206,4,137,440,14,440,14,12,29,1108,32,-8,41,26,-1,13,3,14634,49,2
230,WM329,0,0,0,0,0,0,0,0,0,0,0,0,0,0,0,0,0,0,0,0,0,0,0,0,0,0,0,0,0,0,0,0,0,0,0,0,0,0,0,0,0,0,0,0,0,0,0,0,0,0,0,0,0,0,0,0,0,0,0,0,China,13,26,-1,578,206,4,137,440,14,440,14,12,29,1108,32,-8,41,26,-1,13,3,14634,49,2
231,WM33,0,0,0,0,0,0,0,0,0,0,0,0,0,0,0,0,0,0,0,0,0,0,0,0,0,3,0,0,0,0,0,0,3,0,0,0,0,0,0,0,0,0,0,0,0,0,0,0,0,0,0,0,0,0,0,0,0,0,0,0,India,26,33,16,724,236,5,135,568,32,270,40,13,40,687,40,8,33,31,17,26,2,18776,61,2
232,WM330,0,0,0,0,0,0,0,0,0,0,0,0,0,0,0,0,0,0,0,0,0,0,0,0,0,0,0,0,0,0,0,0,0,0,0,0,0,0,0,0,0,0,0,0,0,0,0,0,0,0,0,0,0,0,0,0,0,0,0,0,China,13,26,-1,578,206,4,137,440,14,440,14,12,29,1108,32,-8,41,26,-1,13,3,14634,49,2
233,WM331,0,0,0,0,0,0,0,0,0,0,0,0,0,0,0,0,0,0,0,0,0,0,0,0,0,0,0,0,0,0,0,0,0,0,0,0,0,0,0,0,0,0,0,0,0,0,0,0,0,0,0,0,0,0,0,0,0,0,0,0,China,13,26,-1,578,206,4,137,440,14,440,14,12,29,1108,32,-8,41,26,-1,13,3,14634,49,2
234,WM332,0,0,0,0,0,0,0,0,0,0,0,0,0,0,0,0,0,0,0,0,0,0,0,0,0,0,0,0,0,0,0,0,0,0,0,0,0,0,0,0,0,0,0,0,0,0,0,0,0,0,0,0,0,0,0,0,0,0,0,0,China,13,26,-1,578,206,4,137,440,14,440,14,12,29,1108,32,-8,41,26,-1,13,3,14634,49,2
235,WM333,0,0,0,0,0,0,0,0,0,0,0,0,0,0,0,0,0,0,0,0,0,0,0,0,0,0,0,0,0,0,0,0,0,0,0,0,0,0,0,0,0,0,0,0,0,0,0,0,0,0,0,0,0,0,0,0,0,0,0,0,China,13,26,-1,578,206,4,137,440,14,440,14,12,29,1108,32,-8,41,26,-1,13,3,14634,49,2
236,WM334,0,0,0,0,0,0,0,0,0,0,0,0,0,0,0,0,0,0,0,0,0,0,0,0,0,0,0,0,0,0,0,0,0,0,0,0,0,0,0,0,0,0,0,0,0,0,0,0,0,0,0,0,0,0,0,0,0,0,0,0,China,13,26,-1,578,206,4,137,440,14,440,14,12,29,1108,32,-8,41,26,-1,13,3,14634,49,2
237,WM335,0,0,0,0,0,0,0,0,0,0,0,0,0,0,0,0,0,0,0,0,0,0,0,0,0,0,0,0,0,0,0,0,0,0,0,0,0,0,0,0,0,0,0,0,0,0,0,0,0,0,0,0,0,0,0,0,0,0,0,0,China,13,26,-1,578,206,4,137,440,14,440,14,12,29,1108,32,-8,41,26,-1,13,3,14634,49,2
238,WM336,0,0,0,0,0,0,0,0,0,0,0,0,0,0,0,0,0,0,0,0,0,0,0,0,0,0,0,0,0,0,0,0,0,0,0,0,0,0,0,0,0,0,0,0,0,0,0,0,0,0,0,0,0,0,0,0,0,0,0,0,China,13,26,-1,578,206,4,137,440,14,440,14,12,29,1108,32,-8,41,26,-1,13,3,14634,49,2
239,WM337,0,0,0,0,0,0,0,0,0,0,0,0,0,0,0,0,0,0,0,0,0,0,0,0,0,0,0,0,0,0,0,0,0,0,0,0,0,0,0,0,0,0,0,0,0,0,0,0,0,0,0,0,0,0,0,0,0,0,0,0,China,13,26,-1,578,206,4,137,440,14,440,14,12,29,1108,32,-8,41,26,-1,13,3,14634,49,2
240,WM338,0,0,0,0,0,0,0,0,0,0,0,0,0,0,0,0,0,0,0,0,0,0,0,0,0,0,0,0,0,0,0,0,0,0,0,0,0,0,0,0,0,0,0,0,0,0,0,0,0,0,0,0,0,0,0,0,0,0,0,0,China,13,26,-1,578,206,4,137,440,14,440,14,12,29,1108,32,-8,41,26,-1,13,3,14634,49,2
241,WM339,0,0,0,0,0,0,0,0,0,0,0,0,0,0,0,0,0,0,0,0,0,0,0,0,0,0,0,0,0,0,0,0,0,0,0,0,0,0,0,0,0,0,0,0,0,0,0,0,0,0,0,0,0,0,0,0,0,0,0,0,China,13,26,-1,578,206,4,137,440,14,440,14,12,29,1108,32,-8,41,26,-1,13,3,14634,49,2
242,WM34,0,0,0,0,0,0,0,0,0,0,0,0,0,0,0,0,0,0,0,0,0,0,0,0,0,0,0,0,0,0,0,0,0,0,0,0,0,0,0,0,0,0,0,0,0,0,0,0,0,0,0,0,0,0,0,0,0,0,0,0,China,13,26,-1,578,206,4,137,440,14,440,14,12,29,1108,32,-8,41,26,-1,13,3,14634,49,2
243,WM340,0,0,0,0,0,0,0,0,0,0,0,0,0,0,0,0,0,0,0,0,0,0,0,0,0,0,0,0,0,0,0,0,0,0,0,0,0,0,0,0,0,0,0,0,0,0,0,0,0,0,0,0,0,0,0,0,0,0,0,0,China,13,26,-1,578,206,4,137,440,14,440,14,12,29,1108,32,-8,41,26,-1,13,3,14634,49,2
244,WM341,0,0,0,0,0,0,0,0,0,0,0,0,0,0,0,0,0,0,0,0,0,0,0,0,0,0,0,0,0,0,0,0,0,0,0,0,0,0,0,0,0,0,0,0,0,0,0,0,0,0,0,0,0,0,0,0,0,0,0,0,China,13,26,-1,578,206,4,137,440,14,440,14,12,29,1108,32,-8,41,26,-1,13,3,14634,49,2
245,WM342,0,0,0,0,0,0,0,0,0,0,0,0,0,0,0,0,0,0,0,0,0,0,0,0,0,0,0,0,0,0,0,0,0,0,0,0,0,0,0,0,0,0,0,0,0,0,0,0,0,0,0,0,0,0,0,0,0,0,0,0,China,13,26,-1,578,206,4,137,440,14,440,14,12,29,1108,32,-8,41,26,-1,13,3,14634,49,2
246,WM343,0,0,0,0,0,0,0,0,0,0,0,0,0,0,0,0,0,0,0,0,0,0,0,0,0,0,0,0,0,0,0,0,0,0,0,0,0,0,0,0,0,0,0,0,0,0,0,0,0,0,0,0,0,0,0,0,0,0,0,0,China,13,26,-1,578,206,4,137,440,14,440,14,12,29,1108,32,-8,41,26,-1,13,3,14634,49,2
247,WM344,0,0,0,0,0,0,0,0,0,0,0,0,0,0,0,0,0,0,0,0,0,0,0,0,0,0,0,0,0,0,0,0,0,0,0,0,0,0,0,0,0,0,0,0,0,0,0,0,0,0,0,0,0,0,0,0,0,0,0,0,UnitedStates,14,25,3,1041,103,69,12,290,228,282,228,12,33,884,32,-3,36,23,3,14,4,13974,87,2
248,WM345,0,0,0,0,0,0,0,0,0,0,0,0,0,0,0,0,0,0,0,0,0,0,0,0,0,0,0,0,0,0,0,0,0,0,0,0,0,0,0,0,0,0,0,0,0,0,0,0,0,0,0,0,0,0,0,0,0,0,0,0,China,13,26,-1,578,206,4,137,440,14,440,14,12,29,1108,32,-8,41,26,-1,13,3,14634,49,2
249,WM346,0,0,0,0,0,0,0,0,0,0,0,0,0,0,0,0,0,0,0,0,0,0,0,0,0,0,0,0,0,0,0,0,0,0,0,0,0,0,0,0,0,0,0,0,0,0,0,0,0,0,0,0,0,0,0,0,0,0,0,0,China,13,26,-1,578,206,4,137,440,14,440,14,12,29,1108,32,-8,41,26,-1,13,3,14634,49,2
250,WM347,0,0,0,0,0,0,0,0,0,0,0,0,0,0,0,0,0,0,0,0,0,0,0,0,0,0,0,0,0,0,0,0,0,0,0,0,0,0,0,0,0,0,0,0,0,0,0,0,0,0,0,0,0,0,0,0,0,0,0,0,China,13,26,-1,578,206,4,137,440,14,440,14,12,29,1108,32,-8,41,26,-1,13,3,14634,49,2
251,WM348,0,0,0,0,0,0,0,0,0,0,0,0,0,0,0,0,0,0,0,0,0,0,0,0,0,0,0,0,0,0,0,0,0,0,0,0,0,0,0,0,0,0,0,0,0,0,0,0,0,0,0,0,0,0,0,0,0,0,0,0,China,13,26,-1,578,206,4,137,440,14,440,14,12,29,1108,32,-8,41,26,-1,13,3,14634,49,2
252,WM349,0,0,0,0,0,0,0,0,0,0,0,0,0,0,0,0,0,0,0,0,0,0,0,0,0,0,0,0,0,0,0,0,0,0,0,0,0,0,0,0,0,0,0,0,0,0,0,0,0,0,0,0,0,0,0,0,0,0,0,0,China,13,26,-1,578,206,4,137,440,14,440,14,12,29,1108,32,-8,41,26,-1,13,3,14634,49,2
253,WM35,0,0,0,0,0,0,0,0,0,0,0,0,0,0,0,0,0,0,0,0,0,0,0,0,0,0,0,0,0,0,0,0,0,0,0,0,0,0,0,0,0,0,0,0,0,0,0,0,0,0,0,0,0,0,0,0,0,0,0,0,China,13,26,-1,578,206,4,137,440,14,440,14,12,29,1108,32,-8,41,26,-1,13,3,14634,49,2
254,WM350,0,0,0,0,0,0,0,0,0,0,0,0,0,0,0,0,0,0,0,0,0,0,0,0,0,0,0,0,0,0,0,0,0,0,0,0,0,0,0,0,0,0,0,0,0,0,0,0,0,0,0,0,0,0,0,0,0,0,0,0,China,13,26,-1,578,206,4,137,440,14,440,14,12,29,1108,32,-8,41,26,-1,13,3,14634,49,2
255,WM351,0,0,0,0,0,0,0,0,0,0,0,0,0,0,0,0,0,0,0,0,0,0,0,0,0,0,0,0,0,0,0,0,0,0,0,0,0,0,0,0,0,0,0,0,0,0,0,0,0,0,0,0,0,0,0,0,0,0,0,0,China,13,26,-1,578,206,4,137,440,14,440,14,12,29,1108,32,-8,41,26,-1,13,3,14634,49,2
256,WM352,0,0,0,0,0,0,0,0,0,0,0,0,0,0,0,0,0,0,0,0,0,0,0,0,0,0,0,0,0,0,0,0,0,0,0,0,0,0,0,0,0,0,0,0,0,0,0,0,0,0,0,0,0,0,0,0,0,0,0,0,China,13,26,-1,578,206,4,137,440,14,440,14,12,29,1108,32,-8,41,26,-1,13,3,14634,49,2
257,WM353,0,0,0,0,0,0,0,0,0,0,0,0,0,0,0,0,0,0,0,0,0,0,0,0,0,0,0,0,0,0,0,0,0,0,0,0,0,0,0,0,0,0,0,0,0,0,0,0,0,0,0,0,0,0,0,0,0,0,0,0,China,13,26,-1,578,206,4,137,440,14,440,14,12,29,1108,32,-8,41,26,-1,13,3,14634,49,2
258,WM354,0,0,0,0,0,0,0,0,0,0,0,0,0,0,0,0,0,0,0,0,0,0,0,0,0,0,0,0,0,0,0,0,0,0,0,0,0,0,0,0,0,0,0,0,0,0,0,0,0,0,0,0,0,0,0,0,0,0,0,0,China,13,26,-1,578,206,4,137,440,14,440,14,12,29,1108,32,-8,41,26,-1,13,3,14634,49,2
259,WM355,0,0,0,0,0,0,0,0,0,0,0,0,0,0,0,0,0,0,0,0,0,0,0,0,0,0,0,0,0,0,0,0,0,0,0,0,0,0,0,0,0,0,0,0,0,0,0,0,0,0,0,0,0,0,0,0,0,0,0,0,China,13,26,-1,578,206,4,137,440,14,440,14,12,29,1108,32,-8,41,26,-1,13,3,14634,49,2
260,WM356,0,0,0,0,0,0,0,0,0,0,0,0,0,0,0,0,0,0,0,0,0,0,0,0,0,0,0,0,0,0,0,0,0,0,0,0,0,0,0,0,0,0,0,0,0,0,0,0,0,0,0,0,0,0,0,0,0,0,0,0,China,13,26,-1,578,206,4,137,440,14,440,14,12,29,1108,32,-8,41,26,-1,13,3,14634,49,2
261,WM357,0,0,0,0,0,0,0,0,0,0,0,0,0,0,0,0,0,0,0,0,0,0,0,0,0,0,0,0,0,0,0,0,0,0,0,0,0,0,0,0,0,0,0,0,0,0,0,0,0,0,0,0,0,0,0,0,0,0,0,0,China,13,26,-1,578,206,4,137,440,14,440,14,12,29,1108,32,-8,41,26,-1,13,3,14634,49,2
262,WM358,0,0,0,0,0,0,0,0,0,0,0,0,0,0,0,0,0,0,0,0,0,0,0,0,0,0,0,0,0,0,0,0,0,0,0,0,0,0,0,0,0,0,0,0,0,0,0,0,0,0,0,0,0,0,0,0,0,0,0,0,UnitedStates,14,25,3,1041,103,69,12,290,228,282,228,12,33,884,32,-3,36,23,3,14,4,13974,87,2
263,WM359,0,0,0,0,0,0,0,0,0,0,0,0,0,0,0,0,0,0,0,0,0,0,0,0,0,0,0,0,0,0,0,0,0,0,0,0,0,0,0,0,0,0,0,0,0,0,0,0,0,0,0,0,0,0,0,0,0,0,0,0,China,13,26,-1,578,206,4,137,440,14,440,14,12,29,1108,32,-8,41,26,-1,13,3,14634,49,2
264,WM36,2,2,2,2,2,2,2,2,2,2,2,2,2,2,2,2,2,2,2,2,2,2,2,2,2,2,2,2,2,2,2,2,2,2,2,2,2,2,2,2,2,2,2,2,2,2,2,2,2,2,2,2,2,2,2,2,2,2,2,2,Zimbabwe,19,22,15,854,201,2,108,555,6,313,6,13,60,283,28,7,22,21,15,19,3,19877,72,2
265,WM360,0,0,0,0,0,0,0,0,0,0,0,0,0,0,0,0,0,0,0,0,0,0,0,0,0,0,0,0,0,0,0,0,0,0,0,0,0,0,0,0,0,0,0,0,0,0,0,0,0,0,0,0,0,0,0,0,0,0,0,0,China,13,26,-1,578,206,4,137,440,14,440,14,12,29,1108,32,-8,41,26,-1,13,3,14634,49,2
266,WM361,0,0,0,0,0,0,0,0,0,0,0,0,0,0,0,0,0,0,0,0,0,0,0,0,0,0,0,0,0,0,0,0,0,0,0,0,0,0,0,0,0,0,0,0,0,0,0,0,0,0,0,0,0,0,0,0,0,0,0,0,China,13,26,-1,578,206,4,137,440,14,440,14,12,29,1108,32,-8,41,26,-1,13,3,14634,49,2
267,WM363,0,0,0,0,0,0,0,0,0,0,0,0,0,0,0,0,0,0,0,0,0,0,0,0,0,0,0,0,0,0,0,0,0,0,0,0,0,0,0,0,0,0,0,0,0,0,0,0,0,0,0,0,0,0,0,0,0,0,0,0,China,13,26,-1,578,206,4,137,440,14,440,14,12,29,1108,32,-8,41,26,-1,13,3,14634,49,2
268,WM364,0,0,0,0,0,0,0,0,0,0,0,0,0,0,0,0,0,0,0,0,0,0,0,0,0,0,0,0,0,0,0,0,0,0,0,0,0,0,0,0,0,0,0,0,0,0,0,0,0,0,0,0,0,0,0,0,0,0,0,0,China,13,26,-1,578,206,4,137,440,14,440,14,12,29,1108,32,-8,41,26,-1,13,3,14634,49,2
269,WM365,0,0,0,0,0,0,0,0,0,0,0,0,0,0,0,0,0,0,0,0,0,0,0,0,0,0,0,0,0,0,0,0,0,0,0,0,0,0,0,0,0,0,0,0,0,0,0,0,0,0,0,0,0,0,0,0,0,0,0,0,Japan,16,26,6,1488,208,42,47,556,142,547,142,9,29,793,31,0,31,23,6,16,4,12790,124,2
270,WM366,0,0,0,0,0,0,0,0,0,0,0,0,0,0,0,0,0,0,0,0,0,0,0,0,0,0,0,0,0,0,0,0,0,0,0,0,0,0,0,0,0,0,0,0,0,0,0,0,0,0,0,0,0,0,0,0,0,0,0,0,China,13,26,-1,578,206,4,137,440,14,440,14,12,29,1108,32,-8,41,26,-1,13,3,14634,49,2
271,WM367,0,0,0,0,0,0,0,0,0,0,0,0,0,0,0,0,0,0,0,0,0,0,0,0,0,0,0,0,0,0,0,0,0,0,0,0,0,0,0,0,0,0,0,0,0,0,0,0,0,0,0,0,0,0,0,0,0,0,0,0,China,13,26,-1,578,206,4,137,440,14,440,14,12,29,1108,32,-8,41,26,-1,13,3,14634,49,2
272,WM368,0,0,0,0,0,0,0,0,0,0,0,0,0,0,0,0,0,0,0,0,0,0,0,0,0,0,0,0,0,0,0,0,0,0,0,0,0,0,0,0,0,0,0,0,0,0,0,0,0,0,0,0,0,0,0,0,0,0,0,0,China,13,26,-1,578,206,4,137,440,14,440,14,12,29,1108,32,-8,41,26,-1,13,3,14634,49,2
273,WM369,0,0,0,0,0,0,0,0,0,0,0,0,0,0,0,0,0,0,0,0,0,0,0,0,0,0,0,0,0,0,0,0,0,0,0,0,0,0,0,0,0,0,0,0,0,0,0,0,0,0,0,0,0,0,0,0,0,0,0,0,China,13,26,-1,578,206,4,137,440,14,440,14,12,29,1108,32,-8,41,26,-1,13,3,14634,49,2
274,WM37,2,2,2,2,2,2,2,2,2,2,2,2,2,2,2,2,2,2,2,2,2,3,2,2,2,2,2,2,2,2,2,2,2,2,2,2,2,2,2,2,2,2,2,2,2,2,2,2,2,2,2,2,2,2,2,2,2,2,2,2,Zimbabwe,19,22,15,854,201,2,108,555,6,313,6,13,60,283,28,7,22,21,15,19,3,19877,72,2
275,WM370,0,0,0,0,0,0,0,0,0,0,0,0,0,0,0,0,0,0,0,0,0,0,0,0,0,0,0,0,0,0,0,0,0,0,0,0,0,0,0,0,0,0,0,0,0,0,0,0,0,0,0,0,0,0,0,0,0,0,0,0,China,13,26,-1,578,206,4,137,440,14,440,14,12,29,1108,32,-8,41,26,-1,13,3,14634,49,2
276,WM371,0,0,0,0,0,0,0,0,0,0,0,0,0,0,0,0,0,0,0,0,0,0,0,0,0,0,0,0,0,0,0,0,0,0,0,0,0,0,0,0,0,0,0,0,0,0,0,0,0,0,0,0,0,0,0,0,0,0,0,0,China,13,26,-1,578,206,4,137,440,14,440,14,12,29,1108,32,-8,41,26,-1,13,3,14634,49,2
277,WM372,0,0,0,0,0,0,0,0,0,0,0,0,0,0,0,0,0,0,0,0,0,0,0,0,0,0,0,0,0,0,0,0,0,0,0,0,0,0,0,0,0,0,0,0,0,0,0,0,0,0,0,0,0,0,0,0,0,0,0,0,China,13,26,-1,578,206,4,137,440,14,440,14,12,29,1108,32,-8,41,26,-1,13,3,14634,49,2
278,WM373,0,0,0,0,0,0,0,0,0,0,0,0,0,0,0,0,0,0,0,0,0,0,0,0,0,0,0,0,0,0,0,0,0,0,0,0,0,0,0,0,0,0,0,0,0,0,0,0,0,0,0,0,0,0,0,0,0,0,0,0,China,13,26,-1,578,206,4,137,440,14,440,14,12,29,1108,32,-8,41,26,-1,13,3,14634,49,2
279,WM374,0,0,0,0,0,0,0,0,0,0,0,0,0,0,0,0,0,0,0,0,0,0,0,0,0,0,0,0,0,0,0,0,0,0,0,0,0,0,0,0,0,0,0,0,0,0,0,0,0,0,0,0,0,0,0,0,0,0,0,0,China,13,26,-1,578,206,4,137,440,14,440,14,12,29,1108,32,-8,41,26,-1,13,3,14634,49,2
280,WM375,0,0,0,0,0,0,0,0,0,0,0,0,0,0,0,0,0,0,0,0,0,0,0,0,0,0,0,0,0,0,0,0,0,0,0,0,0,0,0,0,0,0,0,0,0,0,0,0,0,0,0,0,0,0,0,0,0,0,0,0,China,13,26,-1,578,206,4,137,440,14,440,14,12,29,1108,32,-8,41,26,-1,13,3,14634,49,2
281,WM376,0,0,0,0,0,0,0,0,0,0,0,0,0,0,0,0,0,0,0,0,0,0,0,0,0,0,0,0,0,0,0,0,0,0,0,0,0,0,0,0,0,0,0,0,0,0,0,0,0,0,0,0,0,0,0,0,0,0,0,0,China,13,26,-1,578,206,4,137,440,14,440,14,12,29,1108,32,-8,41,26,-1,13,3,14634,49,2
282,WM377,0,0,0,0,0,0,0,0,0,0,0,0,0,0,0,0,0,0,0,0,0,0,0,0,0,0,0,0,0,0,0,0,0,0,0,0,0,0,0,0,0,0,0,0,0,0,0,0,0,0,0,0,0,0,0,0,0,0,0,0,China,13,26,-1,578,206,4,137,440,14,440,14,12,29,1108,32,-8,41,26,-1,13,3,14634,49,2
283,WM378,0,0,0,0,0,0,0,0,0,0,0,0,0,0,0,0,0,0,0,0,0,0,0,0,0,0,0,0,0,0,0,0,0,0,0,0,0,0,0,0,0,0,0,0,0,0,0,0,0,0,0,0,0,0,0,0,0,0,0,0,China,13,26,-1,578,206,4,137,440,14,440,14,12,29,1108,32,-8,41,26,-1,13,3,14634,49,2
284,WM379,0,0,0,0,0,0,0,0,0,0,0,0,0,0,0,0,0,0,0,0,0,0,0,0,0,0,0,0,0,0,0,0,0,0,0,0,0,0,0,0,0,0,0,0,0,0,0,0,0,0,0,0,0,0,0,0,0,0,0,0,China,13,26,-1,578,206,4,137,440,14,440,14,12,29,1108,32,-8,41,26,-1,13,3,14634,49,2
285,WM38,2,2,2,2,2,2,2,2,2,2,2,2,2,2,2,2,2,2,2,2,2,2,2,2,2,2,2,2,2,2,2,2,2,2,2,2,2,2,2,2,2,2,2,2,2,2,2,2,2,2,2,2,2,2,2,2,2,2,2,2,Zimbabwe,19,22,15,854,201,2,108,555,6,313,6,13,60,283,28,7,22,21,15,19,3,19877,72,2
286,WM380,0,0,0,0,0,0,0,0,0,0,0,0,0,0,0,0,0,0,0,0,0,0,0,0,0,0,0,0,0,0,0,0,0,0,0,0,0,0,0,0,0,0,0,0,0,0,0,0,0,0,0,0,0,0,0,0,0,0,0,0,China,13,26,-1,578,206,4,137,440,14,440,14,12,29,1108,32,-8,41,26,-1,13,3,14634,49,2
287,WM381,0,0,0,0,0,0,0,0,0,0,0,0,0,0,0,0,0,0,0,0,0,0,0,0,0,0,0,0,0,0,0,0,0,0,0,0,0,0,0,0,0,0,0,0,0,0,0,0,0,0,0,0,0,0,0,0,0,0,0,0,China,13,26,-1,578,206,4,137,440,14,440,14,12,29,1108,32,-8,41,26,-1,13,3,14634,49,2
288,WM382,0,0,0,0,0,0,0,0,0,0,0,0,0,0,0,0,0,0,0,0,0,0,0,0,0,0,0,0,0,0,0,0,0,0,0,0,0,0,0,0,0,0,0,0,0,0,0,0,0,0,0,0,0,0,0,0,0,0,0,0,China,13,26,-1,578,206,4,137,440,14,440,14,12,29,1108,32,-8,41,26,-1,13,3,14634,49,2
289,WM383,0,0,0,0,0,0,0,0,0,0,0,0,0,0,0,0,0,0,0,0,0,0,0,0,0,0,0,0,0,0,0,0,0,0,0,0,0,0,0,0,0,0,0,0,0,0,0,0,0,0,0,0,0,0,0,0,0,0,0,0,China,13,26,-1,578,206,4,137,440,14,440,14,12,29,1108,32,-8,41,26,-1,13,3,14634,49,2
290,WM384,0,0,0,0,0,0,0,0,0,0,0,0,0,0,0,0,0,0,0,0,0,0,0,0,0,0,0,0,0,0,0,0,0,0,0,0,0,0,0,0,0,0,0,0,0,0,0,0,0,0,0,0,0,0,0,0,0,0,0,0,China,13,26,-1,578,206,4,137,440,14,440,14,12,29,1108,32,-8,41,26,-1,13,3,14634,49,2
291,WM385,0,0,0,0,0,0,0,0,0,0,0,0,0,0,0,0,0,0,0,0,0,0,0,0,0,0,0,0,0,0,0,0,0,0,0,0,0,0,0,0,0,0,0,0,0,0,0,0,0,0,0,0,0,0,0,0,0,0,0,0,China,13,26,-1,578,206,4,137,440,14,440,14,12,29,1108,32,-8,41,26,-1,13,3,14634,49,2
292,WM386,0,0,0,0,0,0,0,0,0,0,0,0,0,0,0,0,0,0,0,0,0,0,0,0,0,0,0,0,0,0,0,0,0,0,0,0,0,0,0,0,0,0,0,0,0,0,0,0,0,0,0,0,0,0,0,0,0,0,0,0,China,13,26,-1,578,206,4,137,440,14,440,14,12,29,1108,32,-8,41,26,-1,13,3,14634,49,2
293,WM387,0,0,0,0,0,0,0,0,0,0,0,0,0,0,0,0,0,0,0,0,0,0,0,0,0,0,0,0,0,0,0,0,0,0,0,0,0,0,0,0,0,0,0,0,0,0,0,0,0,0,0,0,0,0,0,0,0,0,0,0,China,13,26,-1,578,206,4,137,440,14,440,14,12,29,1108,32,-8,41,26,-1,13,3,14634,49,2
294,WM389,0,0,0,0,0,0,0,0,0,0,0,0,0,0,0,0,0,0,0,0,0,0,0,0,0,0,0,0,0,0,0,0,0,0,0,0,0,0,0,0,0,0,0,0,0,0,0,0,0,0,0,0,0,0,0,0,0,0,0,0,China,13,26,-1,578,206,4,137,440,14,440,14,12,29,1108,32,-8,41,26,-1,13,3,14634,49,2
295,WM39,2,2,2,2,2,2,2,2,2,2,2,2,2,2,2,2,2,2,2,2,2,2,2,2,2,2,2,2,2,2,2,2,2,2,2,2,2,2,2,2,2,2,2,2,2,2,2,2,2,2,2,2,2,2,2,2,2,2,2,2,Zimbabwe,19,22,15,854,201,2,108,555,6,313,6,13,60,283,28,7,22,21,15,19,3,19877,72,2
296,WM390,0,0,0,0,0,0,0,0,0,0,0,0,0,0,0,0,0,0,0,0,0,0,0,0,0,0,0,0,0,0,0,0,0,0,0,0,0,0,0,0,0,0,0,0,0,0,0,0,0,0,0,0,0,0,0,0,0,0,0,0,China,13,26,-1,578,206,4,137,440,14,440,14,12,29,1108,32,-8,41,26,-1,13,3,14634,49,2
297,WM391,0,0,0,0,0,0,0,0,0,0,0,0,0,0,0,0,0,0,0,0,0,0,0,0,0,0,0,0,0,0,0,0,0,0,0,0,0,0,0,0,0,0,0,0,0,0,0,0,0,0,0,0,0,0,0,0,0,0,0,0,China,13,26,-1,578,206,4,137,440,14,440,14,12,29,1108,32,-8,41,26,-1,13,3,14634,49,2
298,WM392,0,0,0,0,0,0,0,0,0,0,0,0,0,0,0,0,0,0,0,0,0,0,0,0,0,0,0,0,0,0,0,0,0,0,0,0,0,0,0,0,0,0,0,0,0,0,0,0,0,0,0,0,0,0,0,0,0,0,0,0,China,13,26,-1,578,206,4,137,440,14,440,14,12,29,1108,32,-8,41,26,-1,13,3,14634,49,2
299,WM393,0,0,0,0,0,0,0,0,0,0,0,0,0,0,0,0,0,0,0,0,0,0,0,0,0,0,0,0,0,0,0,0,0,0,0,0,0,0,0,0,0,0,0,0,0,0,0,0,0,0,0,0,0,0,0,0,0,0,0,0,China,13,26,-1,578,206,4,137,440,14,440,14,12,29,1108,32,-8,41,26,-1,13,3,14634,49,2
300,WM394,0,0,0,0,0,0,0,0,0,0,0,0,0,0,0,0,0,0,0,0,0,0,0,0,0,0,0,0,0,0,0,0,0,0,0,0,0,0,0,0,0,0,0,0,0,0,0,0,0,0,0,0,0,0,0,0,0,0,0,0,China,13,26,-1,578,206,4,137,440,14,440,14,12,29,1108,32,-8,41,26,-1,13,3,14634,49,2
301,WM395,0,0,0,0,0,0,0,0,0,0,0,0,0,0,0,0,0,0,0,0,0,0,0,0,0,0,0,0,0,0,0,0,0,0,0,0,0,0,0,0,0,0,0,0,0,0,0,0,0,0,0,0,0,0,0,0,0,0,0,0,China,13,26,-1,578,206,4,137,440,14,440,14,12,29,1108,32,-8,41,26,-1,13,3,14634,49,2
302,WM396,0,0,0,0,0,0,0,0,0,0,0,0,0,0,0,0,0,0,0,0,0,0,0,0,0,0,0,0,0,0,0,0,0,0,0,0,0,0,0,0,0,0,0,0,0,0,0,0,0,0,0,0,0,0,0,0,0,0,0,0,China,13,26,-1,578,206,4,137,440,14,440,14,12,29,1108,32,-8,41,26,-1,13,3,14634,49,2
303,WM397,0,0,0,0,0,0,0,0,0,0,0,0,0,0,0,0,0,0,0,0,0,0,0,0,0,0,0,0,0,0,0,0,0,0,0,0,0,0,0,0,0,0,0,0,0,0,0,0,0,0,0,0,0,0,0,0,0,0,0,0,China,13,26,-1,578,206,4,137,440,14,440,14,12,29,1108,32,-8,41,26,-1,13,3,14634,49,2
304,WM398,0,0,0,0,0,0,0,0,0,0,0,0,0,0,0,0,0,0,0,0,0,0,0,0,0,0,0,0,0,0,0,0,0,0,0,0,0,0,0,0,0,0,0,0,0,0,0,0,0,0,0,0,0,0,0,0,0,0,0,0,China,13,26,-1,578,206,4,137,440,14,440,14,12,29,1108,32,-8,41,26,-1,13,3,14634,49,2
305,WM399,0,0,0,0,0,0,0,0,0,0,0,0,0,0,0,0,0,0,0,0,0,0,0,0,0,0,0,0,0,0,0,0,0,0,0,0,0,0,0,0,0,0,0,0,0,0,0,0,0,0,0,0,0,0,0,0,0,0,0,0,China,13,26,-1,578,206,4,137,440,14,440,14,12,29,1108,32,-8,41,26,-1,13,3,14634,49,2
306,WM4,0,0,0,0,0,0,0,0,0,0,0,0,0,0,0,0,0,0,0,0,0,0,0,0,0,0,0,0,0,0,0,0,0,0,0,0,0,0,0,0,0,0,0,0,0,0,0,0,0,0,0,0,0,0,0,0,0,0,0,0,UnitedStates,14,25,3,1041,103,69,12,290,228,282,228,12,33,884,32,-3,36,23,3,14,4,13974,87,2
307,WM40,2,2,1,2,2,2,2,2,2,2,2,2,2,2,2,2,2,2,2,2,2,2,2,2,2,2,2,2,2,2,2,2,2,2,2,2,2,2,2,2,2,2,2,2,2,2,2,2,1,2,2,2,2,2,2,2,2,2,2,2,Zimbabwe,19,22,15,854,201,2,108,555,6,313,6,13,60,283,28,7,22,21,15,19,3,19877,72,2
308,WM400,0,0,0,0,0,0,0,0,0,0,0,0,0,0,0,0,0,0,0,0,0,0,0,0,0,0,0,0,0,0,0,0,0,0,0,0,0,0,0,0,0,0,0,0,0,0,0,0,0,0,0,0,0,0,0,0,0,0,0,0,China,13,26,-1,578,206,4,137,440,14,440,14,12,29,1108,32,-8,41,26,-1,13,3,14634,49,2
309,WM401,0,0,0,0,0,0,0,0,0,0,0,0,0,0,0,0,0,0,0,0,0,0,0,0,0,0,0,0,0,0,0,0,0,0,0,0,0,0,0,0,0,0,0,0,0,0,0,0,0,0,0,0,0,0,0,0,0,0,0,0,China,13,26,-1,578,206,4,137,440,14,440,14,12,29,1108,32,-8,41,26,-1,13,3,14634,49,2
310,WM402,0,0,0,0,0,0,0,0,0,0,0,0,0,0,0,0,0,0,0,0,0,0,0,0,0,0,0,0,0,0,0,0,0,0,0,0,0,0,0,0,0,0,0,0,0,0,0,0,0,0,0,0,0,0,0,0,0,0,0,0,China,13,26,-1,578,206,4,137,440,14,440,14,12,29,1108,32,-8,41,26,-1,13,3,14634,49,2
311,WM403,0,0,0,0,0,0,0,0,0,0,0,0,0,0,0,0,0,0,0,0,0,0,0,0,0,0,0,0,0,0,0,0,0,0,0,0,0,0,0,0,0,0,0,0,0,0,0,0,0,0,0,0,0,0,0,0,0,0,0,0,China,13,26,-1,578,206,4,137,440,14,440,14,12,29,1108,32,-8,41,26,-1,13,3,14634,49,2
312,WM404,0,0,0,0,0,0,0,0,0,0,0,0,0,0,0,0,0,0,0,0,0,0,0,0,0,0,0,0,0,0,0,0,0,0,0,0,0,0,0,0,0,0,0,0,0,0,0,0,0,0,0,0,0,0,0,0,0,0,0,0,China,13,26,-1,578,206,4,137,440,14,440,14,12,29,1108,32,-8,41,26,-1,13,3,14634,49,2
313,WM405,0,0,0,0,0,0,0,0,0,0,0,0,0,0,0,0,0,0,0,0,0,0,0,0,0,0,0,0,0,0,0,0,0,0,0,0,0,0,0,0,0,0,0,0,0,0,0,0,0,0,0,0,0,0,0,0,0,0,0,0,China,13,26,-1,578,206,4,137,440,14,440,14,12,29,1108,32,-8,41,26,-1,13,3,14634,49,2
314,WM406,0,0,0,0,0,0,0,0,0,0,0,0,0,0,0,0,0,0,0,0,0,0,0,0,0,0,0,0,0,0,0,0,0,0,0,0,0,0,0,0,0,0,0,0,0,0,0,0,0,0,0,0,0,0,0,0,0,0,0,0,China,13,26,-1,578,206,4,137,440,14,440,14,12,29,1108,32,-8,41,26,-1,13,3,14634,49,2
315,WM407,0,0,0,0,0,0,0,0,0,0,0,0,0,0,0,0,0,0,0,0,0,0,0,0,0,0,0,0,0,0,0,0,0,0,0,0,0,0,0,0,0,0,0,0,0,0,0,0,0,0,0,0,0,0,0,0,0,0,0,0,China,13,26,-1,578,206,4,137,440,14,440,14,12,29,1108,32,-8,41,26,-1,13,3,14634,49,2
316,WM408,0,0,0,0,0,0,0,0,0,0,0,0,0,0,0,0,0,0,0,0,0,0,0,0,0,0,0,0,0,0,0,0,0,0,0,0,0,0,0,0,0,0,0,0,0,0,0,0,0,0,0,0,0,0,0,0,0,0,0,0,China,13,26,-1,578,206,4,137,440,14,440,14,12,29,1108,32,-8,41,26,-1,13,3,14634,49,2
317,WM409,0,0,0,0,0,0,0,0,0,0,0,0,0,0,0,0,0,0,0,0,0,0,0,0,0,0,0,0,0,0,0,0,0,0,0,0,0,0,0,0,0,0,0,0,0,0,0,0,0,0,0,0,0,0,0,0,0,0,0,0,China,13,26,-1,578,206,4,137,440,14,440,14,12,29,1108,32,-8,41,26,-1,13,3,14634,49,2
318,WM410,0,0,0,0,0,0,0,0,0,0,0,0,0,0,0,0,0,0,0,0,0,0,0,0,0,0,0,0,0,0,0,0,0,0,0,0,0,0,0,0,0,0,0,0,0,0,0,0,0,0,0,0,0,0,0,0,0,0,0,0,China,13,26,-1,578,206,4,137,440,14,440,14,12,29,1108,32,-8,41,26,-1,13,3,14634,49,2
319,WM411,0,0,0,0,0,0,0,0,0,0,0,0,0,0,0,0,0,0,0,0,0,0,0,0,0,0,0,0,0,0,0,0,0,0,0,0,0,0,0,0,0,0,0,0,0,0,0,0,0,0,0,0,0,0,0,0,0,0,0,0,China,13,26,-1,578,206,4,137,440,14,440,14,12,29,1108,32,-8,41,26,-1,13,3,14634,49,2
320,WM413,0,0,0,0,0,0,0,0,0,0,0,0,0,0,0,0,0,0,0,0,0,0,0,0,0,0,0,0,0,0,0,0,0,0,0,0,0,0,0,0,0,0,0,0,0,0,0,0,0,0,0,0,0,0,0,0,0,0,0,0,China,13,26,-1,578,206,4,137,440,14,440,14,12,29,1108,32,-8,41,26,-1,13,3,14634,49,2
321,WM418,0,0,0,0,0,0,0,0,0,0,0,0,0,0,0,0,0,0,0,0,0,0,0,0,0,0,0,0,0,0,0,0,0,0,0,0,0,0,0,0,0,0,0,0,0,0,0,0,0,0,0,0,0,0,0,0,0,0,0,0,China,13,26,-1,578,206,4,137,440,14,440,14,12,29,1108,32,-8,41,26,-1,13,3,14634,49,2
322,WM419,0,0,0,0,0,0,0,0,0,0,0,0,0,0,0,0,0,0,0,0,0,0,0,0,0,0,0,0,0,0,0,0,0,0,0,0,0,0,0,0,0,0,0,0,0,0,0,0,0,0,0,0,0,0,0,0,0,0,0,0,China,13,26,-1,578,206,4,137,440,14,440,14,12,29,1108,32,-8,41,26,-1,13,3,14634,49,2
323,WM42,0,0,0,0,0,0,0,0,0,0,0,0,0,0,0,0,0,0,0,0,0,0,0,0,0,0,0,3,0,0,0,0,0,0,0,0,0,0,0,0,0,0,0,0,0,0,0,0,0,0,0,0,0,0,0,0,0,0,0,0,Zimbabwe,19,22,15,854,201,2,108,555,6,313,6,13,60,283,28,7,22,21,15,19,3,19877,72,2
324,WM424,0,0,0,0,0,0,0,0,0,0,0,0,0,0,0,0,0,0,0,0,0,0,0,0,0,0,0,0,0,0,0,0,0,0,0,0,0,0,0,0,0,0,0,0,0,0,0,0,0,0,0,0,0,0,0,0,0,0,0,0,Sudan,30,34,24,123,53,0,156,111,0,42,0,15,54,405,43,16,27,32,26,30,3,21824,11,2
325,WM425,0,0,0,0,0,0,0,0,0,0,0,0,0,0,0,0,0,0,0,0,0,0,0,0,0,0,0,0,0,0,0,0,0,0,0,0,0,0,0,0,0,0,0,0,0,0,0,0,0,0,0,0,0,0,0,0,0,0,0,0,Liberia,27,28,25,4473,857,41,83,2198,192,619,2048,10,78,93,33,21,13,26,27,27,3,15473,373,3
326,WM426,2,2,2,2,2,2,2,2,2,2,2,2,2,2,2,2,2,2,2,2,2,2,2,2,2,2,2,2,2,2,2,2,2,2,2,2,2,2,2,2,2,2,2,2,2,2,2,2,2,2,2,2,2,2,2,2,2,2,2,2,Egypt,22,28,15,25,6,0,72,16,0,0,16,13,48,551,35,9,27,15,28,22,3,20007,3,2
327,WM427,1,1,1,1,1,1,1,1,1,1,1,1,1,1,1,1,1,1,1,1,1,1,1,1,1,1,1,1,1,1,1,1,1,1,1,1,1,1,1,1,1,1,1,1,1,1,1,1,1,1,1,1,1,1,1,1,1,1,1,1,Egypt,22,28,15,25,6,0,72,16,0,0,16,13,48,551,35,9,27,15,28,22,3,20007,3,2
328,WM428,0,0,0,0,0,0,0,0,0,0,0,0,0,0,0,0,0,0,0,0,0,0,0,0,0,0,0,0,0,0,0,0,0,0,0,0,0,0,0,0,0,0,0,0,0,0,0,0,0,0,0,0,0,0,0,0,0,0,0,0,UnitedStates,14,25,3,1041,103,69,12,290,228,282,228,12,33,884,32,-3,36,23,3,14,4,13974,87,2
329,WM429,0,0,0,0,0,0,0,0,0,0,0,0,0,0,0,0,0,0,0,0,0,0,0,0,0,0,0,0,0,0,0,0,0,0,0,0,0,0,0,0,0,0,0,0,0,0,0,0,0,0,0,0,0,0,0,0,0,0,0,0,Sudan,30,34,24,123,53,0,156,111,0,42,0,15,54,405,43,16,27,32,26,30,3,21824,11,2
330,WM43,2,2,2,2,2,2,2,2,2,2,2,2,2,2,1,2,2,2,2,2,2,2,2,2,2,2,2,1,2,2,2,2,2,2,2,2,2,2,2,2,2,2,2,2,2,2,2,2,2,2,2,2,2,2,2,2,2,2,2,2,Zambia,21,24,17,823,211,0,118,575,0,110,5,14,58,270,32,9,24,22,17,21,4,18124,69,2
331,WM439,2,2,2,2,2,2,2,2,2,2,2,2,2,2,2,2,2,2,2,2,2,2,2,2,2,2,2,2,2,3,2,2,2,2,2,2,2,2,3,2,2,2,2,2,2,2,2,2,2,2,2,2,2,3,2,2,2,2,2,2,Namibia,20,24,15,343,87,0,113,241,2,137,2,16,60,367,32,6,27,23,15,20,3,21762,29,1
332,WM44,2,2,2,2,2,2,2,2,2,2,2,2,2,2,2,2,2,2,2,2,2,2,2,2,2,2,2,2,2,2,2,3,2,2,2,2,2,2,2,2,2,2,2,2,2,2,2,2,2,2,2,2,2,2,2,2,2,2,3,2,SouthAfrica,19,23,13,688,129,3,81,348,15,335,15,15,57,400,29,4,25,22,13,19,3,19933,58,2
333,WM440,0,0,0,0,0,0,0,0,0,0,0,0,0,0,0,0,0,0,0,0,0,0,0,0,0,0,0,0,0,0,0,0,0,0,0,0,0,0,0,0,0,0,0,0,0,0,0,0,0,0,0,0,0,0,0,0,0,0,0,0,China,13,26,-1,578,206,4,137,440,14,440,14,12,29,1108,32,-8,41,26,-1,13,3,14634,49,2
334,WM441,0,0,0,0,0,0,0,0,0,0,0,0,0,0,0,0,0,0,0,0,0,0,0,0,0,0,0,0,0,0,0,0,0,0,0,0,0,0,0,0,0,0,0,0,0,0,0,0,0,0,0,0,0,0,0,0,0,0,0,0,China,13,26,-1,578,206,4,137,440,14,440,14,12,29,1108,32,-8,41,26,-1,13,3,14634,49,2
335,WM45,0,0,0,0,0,0,0,0,0,0,0,0,0,0,0,0,0,0,0,0,0,0,0,0,0,0,0,0,0,0,0,0,0,0,0,0,0,0,0,0,0,0,0,0,0,0,0,0,0,0,0,0,0,0,0,0,0,0,0,0,Spain,15,24,7,416,53,11,41,151,50,50,124,11,37,678,32,2,30,11,24,15,3,15851,35,1
336,WM452,0,0,0,0,0,0,0,0,0,0,0,0,0,0,0,0,0,0,0,0,0,0,0,0,0,0,0,0,0,0,0,0,0,0,0,0,0,0,0,0,0,0,0,0,0,0,0,0,0,0,0,0,0,0,0,0,0,0,0,0,Greece,19,27,11,401,66,7,67,175,22,22,163,9,32,681,33,7,27,12,27,19,4,15305,34,2
337,WM453,0,0,0,0,0,0,0,0,0,0,0,0,0,0,0,0,0,0,0,0,0,0,0,0,0,0,0,0,0,0,0,0,0,0,0,0,0,0,0,0,0,0,0,0,0,0,0,0,0,0,0,0,0,0,0,0,0,0,0,0,UnitedStates,14,25,3,1041,103,69,12,290,228,282,228,12,33,884,32,-3,36,23,3,14,4,13974,87,2
338,WM454,0,0,0,0,0,0,0,0,0,0,0,0,0,0,0,0,0,0,0,0,0,0,0,0,0,0,0,0,0,0,0,0,0,0,0,0,0,0,0,0,0,0,0,0,0,0,0,0,0,0,0,0,0,0,0,0,0,0,0,0,Ukraine,9,20,-2,607,86,33,33,224,108,224,120,8,25,908,25,-6,32,20,-1,9,3,10992,51,1
339,WM456,0,0,0,0,0,0,0,0,0,0,0,0,0,0,0,0,3,0,0,0,0,0,0,0,0,0,0,3,0,0,0,0,0,0,0,0,0,0,0,0,0,0,0,0,0,0,0,0,0,0,0,0,0,0,0,0,0,0,0,0,Egypt,22,28,15,25,6,0,72,16,0,0,16,13,48,551,35,9,27,15,28,22,3,20007,3,2
340,WM459,0,0,0,0,0,0,0,0,0,0,0,0,0,0,0,0,0,0,0,0,0,0,0,0,0,0,0,0,0,0,0,0,0,0,0,0,0,0,0,0,0,0,0,0,0,0,0,0,0,0,0,0,0,0,0,0,0,0,0,0,Ethiopia,16,17,15,1101,262,7,94,656,33,224,33,13,75,103,24,7,17,15,15,16,2,18884,92,2
341,WM464,2,2,2,2,2,2,2,2,2,2,2,2,2,2,2,2,2,2,2,2,2,2,2,2,2,2,2,2,2,2,2,2,2,2,2,2,2,2,2,2,2,2,2,2,2,2,2,2,2,2,2,2,2,2,2,2,2,2,2,2,Namibia,20,24,15,343,87,0,113,241,2,137,2,16,60,367,32,6,27,23,15,20,3,21762,29,1
342,WM47,0,0,0,0,0,0,0,0,0,0,0,0,0,0,0,0,0,0,0,0,0,0,0,0,0,0,0,0,0,0,0,0,0,0,0,0,0,0,0,0,0,0,0,0,0,0,0,0,0,0,0,0,0,0,0,0,0,0,0,0,UnitedStates,14,25,3,1041,103,69,12,290,228,282,228,12,33,884,32,-3,36,23,3,14,4,13974,87,2
343,WM479,0,0,0,0,0,0,0,0,0,0,0,0,0,0,0,0,0,0,0,0,0,0,0,0,0,0,0,0,0,0,0,0,0,0,0,0,0,0,0,0,0,0,0,0,0,0,0,0,0,0,0,0,0,0,0,0,0,0,0,0,China,13,26,-1,578,206,4,137,440,14,440,14,12,29,1108,32,-8,41,26,-1,13,3,14634,49,2
344,WM48,0,0,0,0,0,0,0,0,0,0,0,0,0,0,0,0,0,0,0,0,0,0,0,0,0,0,0,0,0,0,0,0,0,0,0,0,0,0,0,0,0,0,0,0,0,0,0,0,0,0,0,0,0,0,0,0,0,0,0,0,UnitedStates,14,25,3,1041,103,69,12,290,228,282,228,12,33,884,32,-3,36,23,3,14,4,13974,87,2
345,WM480,0,0,0,0,0,0,0,0,0,0,0,0,0,0,0,0,0,0,0,0,0,0,0,0,0,0,0,0,0,0,0,0,0,0,0,0,0,0,0,0,0,0,0,0,0,0,0,0,0,0,0,0,0,0,0,0,0,0,0,0,China,13,26,-1,578,206,4,137,440,14,440,14,12,29,1108,32,-8,41,26,-1,13,3,14634,49,2
346,WM481,0,0,0,0,0,0,0,0,0,0,0,0,0,0,0,0,0,0,0,0,0,0,0,0,0,0,0,0,0,0,0,0,0,0,0,0,0,0,0,0,0,0,0,0,0,0,0,0,0,0,0,0,0,0,0,0,0,0,0,0,China,13,26,-1,578,206,4,137,440,14,440,14,12,29,1108,32,-8,41,26,-1,13,3,14634,49,2
347,WM482,0,0,0,0,0,0,0,0,0,0,0,0,0,0,0,0,0,0,0,0,0,0,0,0,0,0,0,0,0,0,0,0,0,0,0,0,0,0,0,0,0,0,0,0,0,0,0,0,0,0,0,0,0,0,0,0,0,0,0,0,China,13,26,-1,578,206,4,137,440,14,440,14,12,29,1108,32,-8,41,26,-1,13,3,14634,49,2
348,WM483,0,0,0,0,0,0,0,0,0,0,0,0,0,0,0,0,0,0,0,0,0,0,0,0,0,0,0,0,0,0,0,0,0,0,0,0,0,0,0,0,0,0,0,0,0,0,0,0,0,0,0,0,0,0,0,0,0,0,0,0,China,13,26,-1,578,206,4,137,440,14,440,14,12,29,1108,32,-8,41,26,-1,13,3,14634,49,2
349,WM49,0,0,0,0,0,0,0,0,0,0,0,0,0,0,0,0,0,0,0,0,0,0,0,0,0,0,0,0,0,0,0,0,0,0,0,0,0,0,0,0,0,0,0,0,0,0,0,0,0,0,0,0,0,0,0,0,0,0,0,0,Portugal,17,23,13,708,116,6,65,323,32,40,303,8,41,412,28,9,20,13,22,17,5,16265,59,2
350,WM5,0,0,0,0,0,0,0,0,0,0,0,0,0,0,0,0,0,0,0,0,0,0,0,0,0,0,0,0,0,0,0,0,0,0,0,0,0,0,0,0,0,0,0,0,0,0,0,0,0,0,0,0,0,0,0,0,0,0,0,0,China,13,26,-1,578,206,4,137,440,14,440,14,12,29,1108,32,-8,41,26,-1,13,3,14634,49,2
351,WM50,0,0,0,0,0,0,0,0,0,0,0,0,0,0,0,0,0,0,0,0,0,0,0,0,0,3,0,0,3,0,0,0,3,0,0,0,0,0,0,0,0,0,0,0,0,0,0,0,3,0,0,0,0,0,0,0,0,0,0,0,Senegal,25,28,22,374,151,0,167,336,0,303,3,9,57,245,32,17,16,28,23,25,4,20713,32,3
352,WM51,0,0,0,0,0,0,0,0,0,0,0,0,0,0,0,0,0,0,0,0,0,0,0,0,0,0,0,0,0,0,0,0,0,0,0,0,0,0,0,0,0,0,0,0,0,0,0,0,0,0,0,0,0,0,0,0,0,0,0,0,Italy,16,24,9,689,94,14,43,262,74,74,219,10,37,617,31,4,27,13,24,16,3,14659,58,2
353,WM53,0,0,0,0,0,0,0,0,0,0,0,0,0,0,0,0,0,0,0,0,0,0,0,0,0,0,0,0,0,0,0,0,0,0,0,0,0,0,0,0,0,0,0,0,0,0,0,0,0,0,0,0,0,0,0,0,0,0,0,0,China,13,26,-1,578,206,4,137,440,14,440,14,12,29,1108,32,-8,41,26,-1,13,3,14634,49,2
354,WM54,0,0,0,0,0,0,0,0,0,0,0,0,0,0,0,0,0,0,0,0,0,0,0,0,0,0,0,0,0,0,0,0,0,0,0,0,0,0,0,0,0,0,0,0,0,0,0,0,0,0,0,0,0,0,0,0,0,0,0,0,China,13,26,-1,578,206,4,137,440,14,440,14,12,29,1108,32,-8,41,26,-1,13,3,14634,49,2
355,WM55,0,0,0,0,0,0,0,0,0,0,0,0,0,0,0,0,0,0,0,0,0,0,0,0,0,0,0,0,0,0,0,0,0,0,0,0,0,0,0,0,0,0,0,0,0,0,0,0,0,0,0,0,0,0,0,0,0,0,0,0,China,13,26,-1,578,206,4,137,440,14,440,14,12,29,1108,32,-8,41,26,-1,13,3,14634,49,2
356,WM56,0,0,0,0,0,0,0,0,0,0,0,0,0,0,0,0,0,0,0,0,0,0,0,0,0,0,0,0,0,0,0,0,0,0,0,0,0,0,0,0,0,0,0,0,0,0,0,0,0,0,0,0,0,0,0,0,0,0,0,0,China,13,26,-1,578,206,4,137,440,14,440,14,12,29,1108,32,-8,41,26,-1,13,3,14634,49,2
357,WM57,0,0,0,0,0,0,0,0,0,0,0,0,0,0,0,0,0,0,0,0,0,0,0,0,0,0,0,0,0,0,0,0,0,0,0,0,0,0,0,0,0,0,0,0,0,0,0,0,0,0,0,0,0,0,0,0,0,0,0,0,China,13,26,-1,578,206,4,137,440,14,440,14,12,29,1108,32,-8,41,26,-1,13,3,14634,49,2
358,WM58,0,0,0,0,0,0,0,0,0,0,0,0,0,0,0,0,0,0,0,0,0,0,0,0,0,0,0,0,0,0,0,0,0,0,0,0,0,0,0,0,0,0,0,0,0,0,0,0,0,0,0,0,0,0,0,0,0,0,0,0,China,13,26,-1,578,206,4,137,440,14,440,14,12,29,1108,32,-8,41,26,-1,13,3,14634,49,2
359,WM59,0,0,0,0,0,0,0,0,0,0,0,0,0,0,0,0,0,0,0,0,0,0,0,0,0,0,0,0,0,0,0,0,0,0,0,0,0,0,0,0,0,0,0,0,0,0,0,0,0,0,0,0,0,0,0,0,0,0,0,0,China,13,26,-1,578,206,4,137,440,14,440,14,12,29,1108,32,-8,41,26,-1,13,3,14634,49,2
360,WM6,0,0,0,0,0,0,0,0,0,0,0,0,0,0,0,0,0,0,0,0,0,0,0,0,0,0,0,0,0,0,0,0,0,0,0,0,0,0,0,0,0,0,0,0,0,0,0,0,0,0,0,0,0,0,0,0,0,0,0,0,China,13,26,-1,578,206,4,137,440,14,440,14,12,29,1108,32,-8,41,26,-1,13,3,14634,49,2
361,WM60,0,0,0,0,0,0,0,0,0,0,0,0,0,0,0,0,0,0,0,0,0,0,0,0,0,0,0,0,0,0,0,0,0,0,0,0,0,0,0,0,0,0,0,0,0,0,0,0,0,0,0,0,0,0,0,0,0,0,0,0,UnitedStates,14,25,3,1041,103,69,12,290,228,282,228,12,33,884,32,-3,36,23,3,14,4,13974,87,2
362,WM61,0,0,0,0,0,0,0,0,0,0,0,0,0,0,0,0,0,0,0,0,0,0,0,0,0,0,0,0,0,0,0,0,0,0,0,0,0,0,0,0,0,0,0,0,0,0,0,0,0,0,0,0,0,0,0,0,0,0,0,0,China,13,26,-1,578,206,4,137,440,14,440,14,12,29,1108,32,-8,41,26,-1,13,3,14634,49,2
363,WM62,0,0,0,0,0,0,0,0,0,0,0,0,0,0,0,0,0,0,0,0,0,0,0,0,0,0,0,0,0,0,0,0,0,0,0,0,0,0,0,0,0,0,0,0,0,0,0,0,0,0,0,0,0,0,0,0,0,0,0,0,China,13,26,-1,578,206,4,137,440,14,440,14,12,29,1108,32,-8,41,26,-1,13,3,14634,49,2
364,WM63,0,0,0,0,0,0,0,0,0,0,0,0,0,0,0,0,0,0,0,0,0,0,0,0,0,0,0,0,0,0,0,0,0,0,0,0,0,0,0,0,0,0,0,0,0,0,0,0,0,0,0,0,0,0,0,0,0,0,0,0,China,13,26,-1,578,206,4,137,440,14,440,14,12,29,1108,32,-8,41,26,-1,13,3,14634,49,2
365,WM64,0,0,0,0,0,0,0,0,0,0,0,0,0,0,0,0,0,0,0,0,0,0,0,0,0,0,0,0,0,0,0,0,0,0,0,0,0,0,0,0,0,0,0,0,0,0,0,0,0,0,0,0,0,0,0,0,0,0,0,0,China,13,26,-1,578,206,4,137,440,14,440,14,12,29,1108,32,-8,41,26,-1,13,3,14634,49,2
366,WM65,0,0,0,0,0,0,0,0,0,0,0,0,0,0,0,0,0,0,0,0,0,0,0,0,0,0,0,0,0,0,0,0,0,0,0,0,0,0,0,0,0,0,0,0,0,0,0,0,0,0,0,0,0,0,0,0,0,0,0,0,China,13,26,-1,578,206,4,137,440,14,440,14,12,29,1108,32,-8,41,26,-1,13,3,14634,49,2
367,WM66,0,0,0,0,0,0,0,0,0,0,0,0,0,0,0,0,0,0,0,0,0,0,0,0,0,0,0,0,0,0,0,0,0,0,0,0,0,0,0,0,0,0,0,0,0,0,0,0,0,0,0,0,0,0,0,0,0,0,0,0,China,13,26,-1,578,206,4,137,440,14,440,14,12,29,1108,32,-8,41,26,-1,13,3,14634,49,2
368,WM67,0,0,0,0,0,0,0,0,0,0,0,0,0,0,0,0,0,0,0,0,0,0,0,0,0,0,0,0,0,0,0,0,0,0,0,0,0,0,0,0,0,0,0,0,0,0,0,0,0,0,0,0,0,0,0,0,0,0,0,0,China,13,26,-1,578,206,4,137,440,14,440,14,12,29,1108,32,-8,41,26,-1,13,3,14634,49,2
369,WM68,0,0,0,0,0,0,0,0,0,0,0,0,0,0,0,0,0,0,0,0,0,0,0,0,0,0,0,0,0,0,0,0,0,0,0,0,0,0,0,0,0,0,0,0,0,0,0,0,0,0,0,0,0,0,0,0,0,0,0,0,China,13,26,-1,578,206,4,137,440,14,440,14,12,29,1108,32,-8,41,26,-1,13,3,14634,49,2
370,WM69,0,0,0,0,0,0,0,0,0,0,0,0,0,0,0,0,0,0,0,0,0,0,0,0,0,0,0,0,0,0,0,0,0,0,0,0,0,0,0,0,0,0,0,0,0,0,0,0,0,0,0,0,0,0,0,0,0,0,0,0,China,13,26,-1,578,206,4,137,440,14,440,14,12,29,1108,32,-8,41,26,-1,13,3,14634,49,2
371,WM7,0,0,0,0,0,0,0,0,0,0,0,0,0,0,0,0,0,0,0,0,0,0,0,0,0,0,0,0,0,0,0,0,0,0,0,0,0,0,0,0,0,0,0,0,0,0,0,0,0,0,0,0,0,0,0,0,0,0,0,0,China,13,26,-1,578,206,4,137,440,14,440,14,12,29,1108,32,-8,41,26,-1,13,3,14634,49,2
372,WM70,0,0,0,0,0,0,0,0,0,0,0,0,0,0,0,0,0,0,0,0,0,0,0,0,0,0,0,0,0,0,0,0,0,0,0,0,0,0,0,0,0,0,0,0,0,0,0,0,0,0,0,0,0,0,0,0,0,0,0,0,China,13,26,-1,578,206,4,137,440,14,440,14,12,29,1108,32,-8,41,26,-1,13,3,14634,49,2
373,WM71,0,0,0,0,0,0,0,0,0,0,0,0,0,0,0,0,0,0,0,0,0,0,0,0,0,0,0,0,0,0,0,0,0,0,0,0,0,0,0,0,0,0,0,0,0,0,0,0,0,0,0,0,0,0,0,0,0,0,0,0,China,13,26,-1,578,206,4,137,440,14,440,14,12,29,1108,32,-8,41,26,-1,13,3,14634,49,2
374,WM72,0,0,0,0,0,0,0,0,0,0,0,0,0,0,0,0,0,0,0,0,0,0,0,0,0,0,0,0,0,0,0,0,0,0,0,0,0,0,0,0,0,0,0,0,0,0,0,0,0,0,0,0,0,0,0,0,0,0,0,0,China,13,26,-1,578,206,4,137,440,14,440,14,12,29,1108,32,-8,41,26,-1,13,3,14634,49,2
375,WM73,0,0,0,0,0,0,0,0,0,0,0,0,0,0,0,0,0,0,0,0,0,0,0,0,0,0,0,0,0,0,0,0,0,0,0,0,0,0,0,0,0,0,0,0,0,0,0,0,0,0,0,0,0,0,0,0,0,0,0,0,China,13,26,-1,578,206,4,137,440,14,440,14,12,29,1108,32,-8,41,26,-1,13,3,14634,49,2
376,WM74,0,0,0,0,0,0,0,0,0,0,0,0,0,0,0,0,0,0,0,0,0,0,0,0,0,0,0,0,0,0,0,0,0,0,0,0,0,0,0,0,0,0,0,0,0,0,0,0,0,0,0,0,0,0,0,0,0,0,0,0,China,13,26,-1,578,206,4,137,440,14,440,14,12,29,1108,32,-8,41,26,-1,13,3,14634,49,2
377,WM75,0,0,0,0,0,0,0,0,0,0,0,0,0,0,0,0,0,0,0,0,0,0,0,0,0,0,0,0,0,0,0,0,0,0,0,0,0,0,0,0,0,0,0,0,0,0,0,0,0,0,0,0,0,0,0,0,0,0,0,0,China,13,26,-1,578,206,4,137,440,14,440,14,12,29,1108,32,-8,41,26,-1,13,3,14634,49,2
378,WM76,0,0,0,0,0,0,0,0,0,0,0,0,0,0,0,0,0,0,0,0,0,0,0,0,0,0,0,0,0,0,0,0,0,0,0,0,0,0,0,0,0,0,0,0,0,0,0,0,0,0,0,0,0,0,0,0,0,0,0,0,China,13,26,-1,578,206,4,137,440,14,440,14,12,29,1108,32,-8,41,26,-1,13,3,14634,49,2
379,WM77,0,0,0,0,0,0,0,0,0,0,0,0,0,0,0,0,0,0,0,0,0,0,0,0,0,0,0,0,0,0,0,0,0,0,0,0,0,0,0,0,0,0,0,0,0,0,0,0,0,0,0,0,0,0,0,0,0,0,0,0,China,13,26,-1,578,206,4,137,440,14,440,14,12,29,1108,32,-8,41,26,-1,13,3,14634,49,2
380,WM78,0,0,0,0,0,0,0,0,0,0,0,0,0,0,0,0,0,0,0,0,0,0,0,0,0,0,0,0,0,0,0,0,0,0,0,0,0,0,0,0,0,0,0,0,0,0,0,0,0,0,0,0,0,0,0,0,0,0,0,0,China,13,26,-1,578,206,4,137,440,14,440,14,12,29,1108,32,-8,41,26,-1,13,3,14634,49,2
381,WM79,0,0,0,0,0,0,0,0,0,0,0,0,0,0,0,0,0,0,0,0,0,0,0,0,0,0,0,0,0,0,0,0,0,0,0,0,0,0,0,0,0,0,0,0,0,0,0,0,0,0,0,0,0,0,0,0,0,0,0,0,India,26,33,16,724,236,5,135,568,32,270,40,13,40,687,40,8,33,31,17,26,2,18776,61,2
382,WM8,0,0,0,0,0,0,0,0,0,0,0,0,0,0,0,0,0,0,0,0,0,0,0,0,0,0,0,0,0,0,0,0,0,0,0,0,0,0,0,0,0,0,0,0,0,0,0,0,0,0,0,0,0,0,0,0,0,0,0,0,UnitedStates,14,25,3,1041,103,69,12,290,228,282,228,12,33,884,32,-3,36,23,3,14,4,13974,87,2
383,WM80,0,0,0,0,0,0,0,0,0,0,0,0,0,0,0,0,0,0,0,0,0,0,0,0,0,0,0,0,0,0,0,0,0,0,0,0,0,0,0,0,0,0,0,0,0,0,0,0,0,0,0,0,0,0,0,0,0,0,0,0,UnitedStates,14,25,3,1041,103,69,12,290,228,282,228,12,33,884,32,-3,36,23,3,14,4,13974,87,2
384,WM81,0,0,0,0,0,0,0,0,0,0,0,0,0,0,0,0,0,0,0,0,0,0,0,0,0,0,0,0,0,0,0,0,0,0,0,0,0,0,0,0,0,0,0,0,0,0,0,0,0,0,0,0,0,0,0,0,0,0,0,0,China,13,26,-1,578,206,4,137,440,14,440,14,12,29,1108,32,-8,41,26,-1,13,3,14634,49,2
385,WM82,0,0,0,0,0,0,0,0,0,0,0,0,0,0,0,0,0,0,0,0,0,0,0,0,0,0,0,0,0,0,0,0,0,0,0,0,0,0,0,0,0,0,0,0,0,0,0,0,0,0,0,0,0,0,0,0,0,0,0,0,China,13,26,-1,578,206,4,137,440,14,440,14,12,29,1108,32,-8,41,26,-1,13,3,14634,49,2
386,WM83,0,0,0,0,0,0,0,0,0,0,0,0,0,0,0,0,0,0,0,0,0,0,0,0,0,0,0,0,0,0,0,0,0,0,0,0,0,0,0,0,0,0,0,0,0,0,0,0,0,0,0,0,0,0,0,0,0,0,0,0,China,13,26,-1,578,206,4,137,440,14,440,14,12,29,1108,32,-8,41,26,-1,13,3,14634,49,2
387,WM84,0,0,0,0,0,0,0,0,0,0,0,0,0,0,0,0,0,0,0,0,0,0,0,0,0,0,0,0,0,0,0,0,0,0,0,0,0,0,0,0,0,0,0,0,0,0,0,0,0,0,0,0,0,0,0,0,0,0,0,0,China,13,26,-1,578,206,4,137,440,14,440,14,12,29,1108,32,-8,41,26,-1,13,3,14634,49,2
388,WM85,0,0,0,0,0,0,0,0,0,0,0,0,0,0,0,0,0,0,0,0,0,0,0,0,0,0,0,0,0,0,0,0,0,0,0,0,0,0,0,0,0,0,0,0,0,0,0,0,0,0,0,0,0,0,0,0,0,0,0,0,UnitedStates,14,25,3,1041,103,69,12,290,228,282,228,12,33,884,32,-3,36,23,3,14,4,13974,87,2
389,WM86,0,0,0,0,0,0,0,0,0,0,0,0,0,0,0,0,0,0,0,0,0,0,0,0,0,0,0,0,0,0,0,0,0,0,0,0,0,0,0,0,0,0,0,0,0,0,0,0,0,0,0,0,0,0,0,0,0,0,0,0,China,13,26,-1,578,206,4,137,440,14,440,14,12,29,1108,32,-8,41,26,-1,13,3,14634,49,2
390,WM87,0,0,0,0,0,0,0,0,0,0,0,0,0,0,0,0,0,0,0,0,0,0,0,0,0,0,0,0,0,0,0,0,0,0,0,0,0,0,0,0,0,0,0,0,0,0,0,0,0,0,0,0,0,0,0,0,0,0,0,0,China,13,26,-1,578,206,4,137,440,14,440,14,12,29,1108,32,-8,41,26,-1,13,3,14634,49,2
391,WM88,0,0,0,0,0,0,0,0,0,0,0,0,0,0,0,0,0,0,0,0,0,0,0,0,0,0,0,0,0,0,0,0,0,0,0,0,0,0,0,0,0,0,0,0,0,0,0,0,0,0,0,0,0,0,0,0,0,0,0,0,China,13,26,-1,578,206,4,137,440,14,440,14,12,29,1108,32,-8,41,26,-1,13,3,14634,49,2
392,WM89,0,0,0,0,0,0,0,0,0,0,0,0,0,0,0,0,0,0,0,0,0,0,0,0,0,0,0,0,0,0,0,0,0,0,0,0,0,0,0,0,0,0,0,0,0,0,0,0,0,0,0,0,0,0,0,0,0,0,0,0,UnitedStates,14,25,3,1041,103,69,12,290,228,282,228,12,33,884,32,-3,36,23,3,14,4,13974,87,2
393,WM9,0,0,0,0,0,0,0,0,0,0,0,0,0,0,0,0,0,0,0,0,0,0,0,0,0,0,0,0,0,0,0,0,0,0,0,0,0,0,0,0,0,0,0,0,0,0,0,0,0,0,0,0,0,0,0,0,0,0,0,0,UnitedStates,14,25,3,1041,103,69,12,290,228,282,228,12,33,884,32,-3,36,23,3,14,4,13974,87,2
394,WM90,0,0,0,0,0,0,0,0,0,0,0,0,0,0,0,0,0,0,0,0,0,0,0,0,0,0,0,0,0,0,0,0,0,0,0,0,0,0,0,0,0,0,0,0,0,0,0,0,0,0,0,0,0,0,0,0,0,0,0,0,China,13,26,-1,578,206,4,137,440,14,440,14,12,29,1108,32,-8,41,26,-1,13,3,14634,49,2
395,WM91,0,0,0,0,0,0,0,0,0,0,0,0,0,0,0,0,0,0,0,0,0,0,0,0,0,0,0,0,0,0,0,0,0,0,0,0,0,0,0,0,0,0,0,0,0,0,0,0,0,0,0,0,0,0,0,0,0,0,0,0,China,13,26,-1,578,206,4,137,440,14,440,14,12,29,1108,32,-8,41,26,-1,13,3,14634,49,2
396,WM92,0,0,0,0,0,0,0,0,0,0,0,0,0,0,0,0,0,0,0,0,0,0,0,0,0,0,0,0,0,0,0,0,0,0,0,0,0,0,0,0,0,0,0,0,0,0,0,0,0,0,0,0,0,0,0,0,0,0,0,0,China,13,26,-1,578,206,4,137,440,14,440,14,12,29,1108,32,-8,41,26,-1,13,3,14634,49,2
397,WM93,0,0,0,0,0,0,0,0,0,0,0,0,0,0,0,0,0,0,0,0,0,0,0,0,0,0,0,0,0,0,0,0,0,0,0,0,0,0,0,0,0,0,0,0,0,0,0,0,0,0,0,0,0,0,0,0,0,0,0,0,UnitedStates,14,25,3,1041,103,69,12,290,228,282,228,12,33,884,32,-3,36,23,3,14,4,13974,87,2
398,WM94,2,2,2,2,2,2,2,2,2,2,2,2,2,2,2,2,2,2,2,2,2,2,2,2,2,2,2,2,2,2,2,2,2,2,2,2,2,2,2,2,2,2,2,2,2,2,2,2,2,2,2,2,2,2,2,2,2,2,2,2,Afghanistan,13,25,1,331,76,3,95,204,15,15,126,14,35,972,33,-7,41,8,25,13,3,17968,28,1
399,WM95,3,2,2,2,2,2,2,2,2,2,2,2,2,2,2,2,2,2,2,2,2,2,2,2,2,2,2,2,2,2,2,2,2,2,2,2,2,2,2,2,2,2,2,2,2,2,2,2,2,2,2,2,2,2,2,2,2,2,2,2,Iran,17,29,5,246,43,2,70,114,7,10,106,10,28,957,36,0,37,6,28,17,3,16810,21,1
400,WM96,3,2,2,2,2,2,2,2,2,2,2,2,2,2,2,2,2,2,2,2,2,2,2,2,2,2,2,2,2,2,2,2,2,2,2,2,2,2,2,2,2,2,2,2,2,2,2,2,2,2,2,2,2,2,2,2,2,2,2,2,Turkmenistan,17,30,4,246,40,2,62,106,11,14,84,13,31,1027,39,-1,40,11,28,17,3,16614,21,1
401,WM97,2,2,2,2,2,2,2,2,2,2,2,2,2,2,2,2,2,2,2,2,2,2,2,2,2,2,2,2,2,2,2,2,2,2,2,2,2,2,2,2,2,2,2,2,2,2,2,2,2,2,2,2,2,2,2,2,2,2,2,2,India,26,33,16,724,236,5,135,568,32,270,40,13,40,687,40,8,33,31,17,26,2,18776,61,2
402,WM98,2,2,2,2,2,2,2,2,2,2,2,2,2,2,2,2,2,2,2,2,2,2,2,2,2,2,2,2,2,2,2,2,2,2,2,2,2,2,2,2,2,2,2,2,2,2,2,2,2,2,2,2,2,2,2,2,2,2,2,2,Cyprus,20,29,12,352,70,2,82,187,10,11,163,13,41,718,37,6,32,12,29,20,3,18656,30,2
403,WM99,2,2,2,2,2,2,2,2,2,2,2,2,2,2,2,2,2,2,2,2,2,2,2,2,2,2,2,2,2,2,2,2,2,2,2,2,2,2,2,2,2,2,2,2,2,2,2,2,2,2,2,2,2,2,2,2,2,2,2,2,Chad,29,33,25,504,167,0,138,396,0,85,0,15,56,305,42,15,27,28,27,29,3,20516,42,2